pk,id,name,link,date_of_birth,height,weight,spike,block,age,images,position
0,0,Fabiana Claudino,/en/volleyball/worldcup/2019/women/teams/bra-brazil/players/fabiana-claudino?id=77752,24/01/1985,193,76,314,293,35,https://www.fivb.org/Vis2009/Images/GetImage.asmx?No=88611&type=Press&width=300&height=450&stretch=uniformtofill,Middle blocker
1,1,Mara Ferreira Leao,/en/volleyball/worldcup/2019/women/teams/bra-brazil/players/mara-ferreira-leao?id=77753,26/07/1991,190,84,320,301,29,https://www.fivb.org/Vis2009/Images/GetImage.asmx?No=88543&type=Press&width=300&height=450&stretch=uniformtofill,Middle blocker
2,2,Macris Fernanda Silva Carneiro,/en/volleyball/worldcup/2019/women/teams/bra-brazil/players/macris-fernanda-silva-carneiro?id=77748,03/03/1989,178,64,292,275,31,https://www.fivb.org/Vis2009/Images/GetImage.asmx?No=88551&type=Press&width=300&height=450&stretch=uniformtofill,Setter
3,3,Gabriela Candido Da Silva,/en/volleyball/worldcup/2019/women/teams/bra-brazil/players/gabriela-candido-da-silva?id=77791,22/05/1996,181,75,296,285,24,https://www.fivb.org/Vis2009/Images/GetImage.asmx?No=88548&type=Press&width=300&height=450&stretch=uniformtofill,Wing spiker
4,4,Amanda Francisco,/en/volleyball/worldcup/2019/women/teams/bra-brazil/players/amanda-francisco?id=77789,16/08/1988,180,62,304,286,32,https://www.fivb.org/Vis2009/Images/GetImage.asmx?No=88539&type=Press&width=300&height=450&stretch=uniformtofill,Wing spiker
5,5,Roberta Silva Ratzke,/en/volleyball/worldcup/2019/women/teams/bra-brazil/players/roberta-silva-ratzke?id=77749,28/04/1990,185,71,287,278,30,https://www.fivb.org/Vis2009/Images/GetImage.asmx?No=88542&type=Press&width=300&height=450&stretch=uniformtofill,Setter
6,6,Gabriela Braga Guimaraes,/en/volleyball/worldcup/2019/women/teams/bra-brazil/players/gabriela-braga-guimaraes?id=77785,19/05/1994,180,65,305,289,26,https://www.fivb.org/Vis2009/Images/GetImage.asmx?No=88546&type=Press&width=300&height=450&stretch=uniformtofill,Wing spiker
7,7,Sheilla Castro De Paula Blassioli,/en/volleyball/worldcup/2019/women/teams/bra-brazil/players/sheilla-castro-de-paula-blassioli?id=77793,01/07/1983,185,64,302,284,37,https://www.fivb.org/Vis2009/Images/GetImage.asmx?No=88538&type=Press&width=300&height=450&stretch=uniformtofill,Opposite spiker
8,8,Ana Carolina Da Silva,/en/volleyball/worldcup/2019/women/teams/bra-brazil/players/ana-carolina-da-silva?id=77783,08/04/1991,183,73,290,290,29,https://www.fivb.org/Vis2009/Images/GetImage.asmx?No=88550&type=Press&width=300&height=450&stretch=uniformtofill,Middle blocker
9,9,Camila Brait,/en/volleyball/worldcup/2019/women/teams/bra-brazil/players/camila-brait?id=77751,28/10/1988,170,58,271,256,32,https://www.fivb.org/Vis2009/Images/GetImage.asmx?No=88613&type=Press&width=300&height=450&stretch=uniformtofill,Libero
10,10,Leia Henrique Da Silva Nicolosi,/en/volleyball/worldcup/2019/women/teams/bra-brazil/players/leia-henrique-da-silva-nicolosi?id=77754,01/03/1985,160,60,275,269,35,https://www.fivb.org/Vis2009/Images/GetImage.asmx?No=88552&type=Press&width=300&height=450&stretch=uniformtofill,Libero
11,11,Ana Beatriz Correa,/en/volleyball/worldcup/2019/women/teams/bra-brazil/players/ana-beatriz-correa?id=77782,07/02/1992,187,70,298,292,28,https://www.fivb.org/Vis2009/Images/GetImage.asmx?No=88541&type=Press&width=300&height=450&stretch=uniformtofill,Middle blocker
12,12,Drussyla Costa,/en/volleyball/worldcup/2019/women/teams/bra-brazil/players/drussyla-costa?id=77788,01/07/1996,182,73,304,286,24,https://www.fivb.org/Vis2009/Images/GetImage.asmx?No=88603&type=Press&width=300&height=450&stretch=uniformtofill,Wing spiker
13,13,Lorenne Geraldo Teixeira,/en/volleyball/worldcup/2019/women/teams/bra-brazil/players/lorenne-geraldo-teixeira?id=77794,08/01/1996,187,72,306,289,24,https://www.fivb.org/Vis2009/Images/GetImage.asmx?No=88549&type=Press&width=300&height=450&stretch=uniformtofill,Opposite spiker
14,14,Annerys Victoria Vargas Valdez,/en/volleyball/worldcup/2019/women/teams/dom-dominican%20republic/players/annerys-victoria-vargas-valdez?id=77083,07/08/1981,196,70,327,320,39,https://www.fivb.org/Vis2009/Images/GetImage.asmx?No=87193&type=Press&width=300&height=450&stretch=uniformtofill,Middle blocker
15,15,Yaneirys Rodriguez Duran,/en/volleyball/worldcup/2019/women/teams/dom-dominican%20republic/players/yaneirys-rodriguez-duran?id=77082,26/06/2000,171,56,280,251,20,https://www.fivb.org/Vis2009/Images/GetImage.asmx?No=87405&type=Press&width=300&height=450&stretch=uniformtofill,Libero
16,16,Lisvel Elisa Eve Mejia,/en/volleyball/worldcup/2019/women/teams/dom-dominican%20republic/players/lisvel-elisa-eve-mejia?id=77066,10/09/1991,194,70,325,315,29,https://www.fivb.org/Vis2009/Images/GetImage.asmx?No=87203&type=Press&width=300&height=450&stretch=uniformtofill,Universal
17,17,Camil Inmaculada Dominguez Martinez,/en/volleyball/worldcup/2019/women/teams/dom-dominican%20republic/players/camil-inmaculada-dominguez-martinez?id=77065,07/12/1991,176,75,285,270,29,https://www.fivb.org/Vis2009/Images/GetImage.asmx?No=87201&type=Press&width=300&height=450&stretch=uniformtofill,Setter
18,18,Niverka Dharlenis Marte Frica,/en/volleyball/worldcup/2019/women/teams/dom-dominican%20republic/players/niverka-dharlenis-marte-frica?id=77071,19/10/1990,178,71,295,283,30,https://www.fivb.org/Vis2009/Images/GetImage.asmx?No=87202&type=Press&width=300&height=450&stretch=uniformtofill,Setter
19,19,Candida Estefany Arias Perez,/en/volleyball/worldcup/2019/women/teams/dom-dominican%20republic/players/candida-estefany-arias-perez?id=77061,11/03/1992,194,68,320,315,28,https://www.fivb.org/Vis2009/Images/GetImage.asmx?No=87198&type=Press&width=300&height=450&stretch=uniformtofill,Middle blocker
20,20,Prisilla Rivera Brens,/en/volleyball/worldcup/2019/women/teams/dom-dominican%20republic/players/prisilla-rivera-brens?id=77080,29/12/1984,183,67,309,305,36,https://www.fivb.org/Vis2009/Images/GetImage.asmx?No=87192&type=Press&width=300&height=450&stretch=uniformtofill,Wing spiker
21,21,Yonkaira Paola Peña Isabel,/en/volleyball/worldcup/2019/women/teams/dom-dominican%20republic/players/yonkaira-paola-pe%c3%b1a-isabel?id=77077,10/05/1993,190,70,320,310,27,https://www.fivb.org/Vis2009/Images/GetImage.asmx?No=87204&type=Press&width=300&height=450&stretch=uniformtofill,Wing spiker
22,22,Gina Altagracia Mambru Casilla,/en/volleyball/worldcup/2019/women/teams/dom-dominican%20republic/players/gina-altagracia-mambru-casilla?id=77070,21/01/1986,182,65,330,315,34,https://www.fivb.org/Vis2009/Images/GetImage.asmx?No=87196&type=Press&width=300&height=450&stretch=uniformtofill,Opposite spiker
23,23,Bethania De La Cruz De Peña,/en/volleyball/worldcup/2019/women/teams/dom-dominican%20republic/players/bethania-de-la-cruz-de-pe%c3%b1a?id=77064,13/05/1987,188,70,330,320,33,https://www.fivb.org/Vis2009/Images/GetImage.asmx?No=87194&type=Press&width=300&height=450&stretch=uniformtofill,Wing spiker
24,24,Brayelin Elizabeth Martinez,/en/volleyball/worldcup/2019/women/teams/dom-dominican%20republic/players/brayelin-elizabeth-martinez?id=77072,11/09/1996,201,83,330,320,24,https://www.fivb.org/Vis2009/Images/GetImage.asmx?No=87205&type=Press&width=300&height=450&stretch=uniformtofill,Wing spiker
25,25,Jineiry Martinez,/en/volleyball/worldcup/2019/women/teams/dom-dominican%20republic/players/jineiry-martinez?id=77073,03/12/1997,190,68,305,280,23,https://www.fivb.org/Vis2009/Images/GetImage.asmx?No=87207&type=Press&width=300&height=450&stretch=uniformtofill,Middle blocker
26,26,Gaila Ceneida Gonzalez Lopez,/en/volleyball/worldcup/2019/women/teams/dom-dominican%20republic/players/gaila-ceneida-gonzalez-lopez?id=77084,25/06/1997,188,73,304,276,23,https://www.fivb.org/Vis2009/Images/GetImage.asmx?No=87401&type=Press&width=300&height=450&stretch=uniformtofill,Opposite spiker
27,27,Larysmer Martinez Caro,/en/volleyball/worldcup/2019/women/teams/dom-dominican%20republic/players/larysmer-martinez-caro?id=77075,18/10/1996,174,68,288,258,24,https://www.fivb.org/Vis2009/Images/GetImage.asmx?No=87399&type=Press&width=300&height=450&stretch=uniformtofill,Libero
28,28,Sarina Koga,/en/volleyball/worldcup/2019/women/teams/jpn-japan/players/sarina-koga?id=77092,21/05/1996,180,66,307,290,24,https://www.fivb.org/Vis2009/Images/GetImage.asmx?No=87300&type=Press&width=300&height=450&stretch=uniformtofill,Wing spiker
29,29,Nana Iwasaka,/en/volleyball/worldcup/2019/women/teams/jpn-japan/players/nana-iwasaka?id=77091,03/07/1990,187,76,298,293,30,https://www.fivb.org/Vis2009/Images/GetImage.asmx?No=87293&type=Press&width=300&height=450&stretch=uniformtofill,Middle blocker
30,30,Risa Shinnabe,/en/volleyball/worldcup/2019/women/teams/jpn-japan/players/risa-shinnabe?id=77086,11/07/1990,175,64,293,285,30,https://www.fivb.org/Vis2009/Images/GetImage.asmx?No=87294&type=Press&width=300&height=450&stretch=uniformtofill,Wing spiker
31,31,Erika Shinomiya,/en/volleyball/worldcup/2019/women/teams/jpn-japan/players/erika-shinomiya?id=77087,03/08/1984,186,78,305,297,36,https://www.fivb.org/Vis2009/Images/GetImage.asmx?No=87283&type=Press&width=300&height=450&stretch=uniformtofill,Middle blocker
32,32,Haruka Miyashita,/en/volleyball/worldcup/2019/women/teams/jpn-japan/players/haruka-miyashita?id=77103,01/09/1994,177,61,298,272,26,https://www.fivb.org/Vis2009/Images/GetImage.asmx?No=87292&type=Press&width=300&height=450&stretch=uniformtofill,Setter
33,33,Yuki Ishii,/en/volleyball/worldcup/2019/women/teams/jpn-japan/players/yuki-ishii?id=77090,08/05/1991,180,67,305,287,29,https://www.fivb.org/Vis2009/Images/GetImage.asmx?No=87295&type=Press&width=300&height=450&stretch=uniformtofill,Wing spiker
34,34,Yurie Nabeya,/en/volleyball/worldcup/2019/women/teams/jpn-japan/players/yurie-nabeya?id=77094,15/12/1993,176,57,305,292,27,https://www.fivb.org/Vis2009/Images/GetImage.asmx?No=87298&type=Press&width=300&height=450&stretch=uniformtofill,Wing spiker
35,35,Miya Sato,/en/volleyball/worldcup/2019/women/teams/jpn-japan/players/miya-sato?id=77099,07/03/1990,175,61,278,275,30,https://www.fivb.org/Vis2009/Images/GetImage.asmx?No=87291&type=Press&width=300&height=450&stretch=uniformtofill,Setter
36,36,Mai Okumura,/en/volleyball/worldcup/2019/women/teams/jpn-japan/players/mai-okumura?id=77095,31/10/1990,177,66,297,285,30,https://www.fivb.org/Vis2009/Images/GetImage.asmx?No=87296&type=Press&width=300&height=450&stretch=uniformtofill,Middle blocker
37,37,Mako Kobata,/en/volleyball/worldcup/2019/women/teams/jpn-japan/players/mako-kobata?id=77098,15/08/1992,164,55,285,274,28,https://www.fivb.org/Vis2009/Images/GetImage.asmx?No=87308&type=Press&width=300&height=450&stretch=uniformtofill,Libero
38,38,Ai Kurogo,/en/volleyball/worldcup/2019/women/teams/jpn-japan/players/ai-kurogo?id=77093,14/06/1998,180,69,306,295,22,https://www.fivb.org/Vis2009/Images/GetImage.asmx?No=87302&type=Press&width=300&height=450&stretch=uniformtofill,Wing spiker
39,39,Akane Moriya,/en/volleyball/worldcup/2019/women/teams/jpn-japan/players/akane-moriya?id=77104,08/01/1991,165,55,282,260,29,https://www.fivb.org/Vis2009/Images/GetImage.asmx?No=87309&type=Press&width=300&height=450&stretch=uniformtofill,Libero
40,40,Aika Akutagawa,/en/volleyball/worldcup/2019/women/teams/jpn-japan/players/aika-akutagawa?id=77088,03/04/1991,180,62,304,280,29,https://www.fivb.org/Vis2009/Images/GetImage.asmx?No=87287&type=Press&width=300&height=450&stretch=uniformtofill,Middle blocker
41,41,Mayu Ishikawa,/en/volleyball/worldcup/2019/women/teams/jpn-japan/players/mayu-ishikawa?id=77107,14/05/2000,173,66,300,290,20,https://www.fivb.org/Vis2009/Images/GetImage.asmx?No=87307&type=Press&width=300&height=450&stretch=uniformtofill,Wing spiker
42,42,Xinyue Yuan,/en/volleyball/worldcup/2019/women/teams/chn-china/players/xinyue-yuan?id=76985,21/12/1996,201,78,317,311,24,https://www.fivb.org/Vis2009/Images/GetImage.asmx?No=87265&type=Press&width=300&height=450&stretch=uniformtofill,Middle blocker
43,43,Ting Zhu,/en/volleyball/worldcup/2019/women/teams/chn-china/players/ting-zhu?id=76989,29/11/1994,198,78,327,300,26,https://www.fivb.org/Vis2009/Images/GetImage.asmx?No=87261&type=Press&width=300&height=450&stretch=uniformtofill,Wing spiker
44,44,Xiangyu Gong,/en/volleyball/worldcup/2019/women/teams/chn-china/players/xiangyu-gong?id=76971,21/04/1997,186,72,313,302,23,https://www.fivb.org/Vis2009/Images/GetImage.asmx?No=87271&type=Press&width=300&height=450&stretch=uniformtofill,Opposite spiker
45,45,Yuanyuan Wang,/en/volleyball/worldcup/2019/women/teams/chn-china/players/yuanyuan-wang?id=76981,14/07/1997,195,75,312,300,23,https://www.fivb.org/Vis2009/Images/GetImage.asmx?No=87269&type=Press&width=300&height=450&stretch=uniformtofill,Middle blocker
46,46,Changning Zhang,/en/volleyball/worldcup/2019/women/teams/chn-china/players/changning-zhang?id=76987,06/11/1995,193,80,315,303,25,https://www.fivb.org/Vis2009/Images/GetImage.asmx?No=87258&type=Press&width=300&height=450&stretch=uniformtofill,Wing spiker
47,47,Xiaotong Liu,/en/volleyball/worldcup/2019/women/teams/chn-china/players/xiaotong-liu?id=76975,16/02/1990,188,80,312,300,30,https://www.fivb.org/Vis2009/Images/GetImage.asmx?No=87257&type=Press&width=300&height=450&stretch=uniformtofill,Wing spiker
48,48,Di Yao,/en/volleyball/worldcup/2019/women/teams/chn-china/players/di-yao?id=76993,15/08/1992,182,65,306,298,28,https://www.fivb.org/Vis2009/Images/GetImage.asmx?No=87255&type=Press&width=300&height=450&stretch=uniformtofill,Setter
49,49,Yingying Li,/en/volleyball/worldcup/2019/women/teams/chn-china/players/yingying-li?id=76973,19/02/2000,192,71,302,294,20,https://www.fivb.org/Vis2009/Images/GetImage.asmx?No=87272&type=Press&width=300&height=450&stretch=uniformtofill,Wing spiker
50,50,Yixin Zheng,/en/volleyball/worldcup/2019/women/teams/chn-china/players/yixin-zheng?id=76992,06/05/1995,187,71,316,307,25,https://www.fivb.org/Vis2009/Images/GetImage.asmx?No=87263&type=Press&width=300&height=450&stretch=uniformtofill,Middle blocker
51,51,Li Lin,/en/volleyball/worldcup/2019/women/teams/chn-china/players/li-lin?id=76974,05/07/1992,171,65,294,294,28,https://www.fivb.org/Vis2009/Images/GetImage.asmx?No=87260&type=Press&width=300&height=450&stretch=uniformtofill,Libero
52,52,Xia Ding,/en/volleyball/worldcup/2019/women/teams/chn-china/players/xia-ding?id=76968,13/01/1990,180,67,305,300,30,https://www.fivb.org/Vis2009/Images/GetImage.asmx?No=87256&type=Press&width=300&height=450&stretch=uniformtofill,Setter
53,53,Ni Yan,/en/volleyball/worldcup/2019/women/teams/chn-china/players/ni-yan?id=76983,02/03/1987,192,74,317,306,33,https://www.fivb.org/Vis2009/Images/GetImage.asmx?No=87267&type=Press&width=300&height=450&stretch=uniformtofill,Middle blocker
54,54,Mengjie Wang,/en/volleyball/worldcup/2019/women/teams/chn-china/players/mengjie-wang?id=76979,14/11/1995,172,65,289,280,25,https://www.fivb.org/Vis2009/Images/GetImage.asmx?No=87264&type=Press&width=300&height=450&stretch=uniformtofill,Libero
55,55,Yanhan Liu,/en/volleyball/worldcup/2019/women/teams/chn-china/players/yanhan-liu?id=76976,19/01/1993,188,75,315,305,27,https://www.fivb.org/Vis2009/Images/GetImage.asmx?No=87259&type=Press&width=300&height=450&stretch=uniformtofill,Wing spiker
56,56,Jordyn Poulter,/en/volleyball/worldcup/2019/women/teams/usa-usa/players/jordyn-poulter?id=77034,31/07/1997,188,77,306,295,23,https://www.fivb.org/Vis2009/Images/GetImage.asmx?No=88781&type=Press&width=300&height=450&stretch=uniformtofill,Setter
57,57,Justine Wong-Orantes,/en/volleyball/worldcup/2019/women/teams/usa-usa/players/justine-wong-orantes?id=77044,06/10/1995,168,66,282,277,25,https://www.fivb.org/Vis2009/Images/GetImage.asmx?No=88468&type=Press&width=300&height=450&stretch=uniformtofill,Libero
58,58,Tetori Dixon,/en/volleyball/worldcup/2019/women/teams/usa-usa/players/tetori-dixon?id=77026,04/08/1992,191,83,306,295,28,https://www.fivb.org/Vis2009/Images/GetImage.asmx?No=88485&type=Press&width=300&height=450&stretch=uniformtofill,Middle blocker
59,59,Lauren Carlini,/en/volleyball/worldcup/2019/women/teams/usa-usa/players/lauren-carlini?id=77023,28/02/1995,185,75,302,295,25,https://www.fivb.org/Vis2009/Images/GetImage.asmx?No=88461&type=Press&width=300&height=450&stretch=uniformtofill,Setter
60,60,Jordan Larson,/en/volleyball/worldcup/2019/women/teams/usa-usa/players/jordan-larson?id=77031,16/10/1986,188,75,302,295,34,https://www.fivb.org/Vis2009/Images/GetImage.asmx?No=88458&type=Press&width=300&height=450&stretch=uniformtofill,Wing spiker
61,61,Andrea Drews,/en/volleyball/worldcup/2019/women/teams/usa-usa/players/andrea-drews?id=77027,25/12/1993,191,77,316,312,27,https://www.fivb.org/Vis2009/Images/GetImage.asmx?No=88488&type=Press&width=300&height=450&stretch=uniformtofill,Opposite spiker
62,62,Michelle Bartsch-Hackley,/en/volleyball/worldcup/2019/women/teams/usa-usa/players/michelle-bartsch-hackley?id=77022,12/02/1990,190,78,305,296,30,https://www.fivb.org/Vis2009/Images/GetImage.asmx?No=88460&type=Press&width=300&height=450&stretch=uniformtofill,Wing spiker
63,63,Kimberly Hill,/en/volleyball/worldcup/2019/women/teams/usa-usa/players/kimberly-hill?id=77030,30/11/1989,193,72,320,310,31,https://www.fivb.org/Vis2009/Images/GetImage.asmx?No=88480&type=Press&width=300&height=450&stretch=uniformtofill,Wing spiker
64,64,Megan Courtney,/en/volleyball/worldcup/2019/women/teams/usa-usa/players/megan-courtney?id=77024,27/10/1993,185,61,314,300,27,https://www.fivb.org/Vis2009/Images/GetImage.asmx?No=88489&type=Press&width=300&height=450&stretch=uniformtofill,Wing spiker
65,65,Hannah Tapp,/en/volleyball/worldcup/2019/women/teams/usa-usa/players/hannah-tapp?id=77040,21/06/1995,191,77,297,290,25,https://www.fivb.org/Vis2009/Images/GetImage.asmx?No=88490&type=Press&width=300&height=450&stretch=uniformtofill,Middle blocker
66,66,Haleigh Washington,/en/volleyball/worldcup/2019/women/teams/usa-usa/players/haleigh-washington?id=77042,22/09/1995,190,82,307,295,25,https://www.fivb.org/Vis2009/Images/GetImage.asmx?No=88730&type=Press&width=300&height=450&stretch=uniformtofill,Middle blocker
67,67,Kelsey Robinson,/en/volleyball/worldcup/2019/women/teams/usa-usa/players/kelsey-robinson?id=77037,25/06/1992,188,73,307,298,28,https://www.fivb.org/Vis2009/Images/GetImage.asmx?No=88481&type=Press&width=300&height=450&stretch=uniformtofill,Wing spiker
68,68,Chiaka Ogbogu,/en/volleyball/worldcup/2019/women/teams/usa-usa/players/chiaka-ogbogu?id=77033,15/04/1995,188,73,318,307,25,https://www.fivb.org/Vis2009/Images/GetImage.asmx?No=88838&type=Press&width=300&height=450&stretch=uniformtofill,Middle blocker
69,69,Karsta Lowe,/en/volleyball/worldcup/2019/women/teams/usa-usa/players/karsta-lowe?id=77032,02/02/1993,194,75,315,305,27,https://www.fivb.org/Vis2009/Images/GetImage.asmx?No=88731&type=Press&width=300&height=450&stretch=uniformtofill,Opposite spiker
70,70,Kirsten Knip,/en/volleyball/worldcup/2019/women/teams/ned-netherlands/players/kirsten-knip?id=76901,14/09/1992,175,70,281,275,28,https://www.fivb.org/Vis2009/Images/GetImage.asmx?No=87124&type=Press&width=300&height=450&stretch=uniformtofill,Libero
71,71,Yvon Belien,/en/volleyball/worldcup/2019/women/teams/ned-netherlands/players/yvon-belien?id=76893,28/12/1993,188,73,307,303,27,https://www.fivb.org/Vis2009/Images/GetImage.asmx?No=87127&type=Press&width=300&height=450&stretch=uniformtofill,Middle blocker
72,72,Celeste Plak,/en/volleyball/worldcup/2019/women/teams/ned-netherlands/players/celeste-plak?id=76907,26/10/1995,190,87,314,302,25,https://www.fivb.org/Vis2009/Images/GetImage.asmx?No=87128&type=Press&width=300&height=450&stretch=uniformtofill,Wing spiker
73,73,Maret Balkestein-Grothues,/en/volleyball/worldcup/2019/women/teams/ned-netherlands/players/maret-balkestein-grothues?id=76892,16/09/1988,180,68,304,285,32,https://www.fivb.org/Vis2009/Images/GetImage.asmx?No=87119&type=Press&width=300&height=450&stretch=uniformtofill,Wing spiker
74,74,Juliet Lohuis,/en/volleyball/worldcup/2019/women/teams/ned-netherlands/players/juliet-lohuis?id=76904,10/09/1996,190,77,305,295,24,https://www.fivb.org/Vis2009/Images/GetImage.asmx?No=87134&type=Press&width=300&height=450&stretch=uniformtofill,Middle blocker
75,75,Myrthe Schoot,/en/volleyball/worldcup/2019/women/teams/ned-netherlands/players/myrthe-schoot?id=76910,29/08/1988,182,70,298,286,32,https://www.fivb.org/Vis2009/Images/GetImage.asmx?No=87122&type=Press&width=300&height=450&stretch=uniformtofill,Libero
76,76,Lonneke Slöetjes,/en/volleyball/worldcup/2019/women/teams/ned-netherlands/players/lonneke-sl%c3%b6etjes?id=76912,15/11/1990,191,76,322,315,30,https://www.fivb.org/Vis2009/Images/GetImage.asmx?No=87118&type=Press&width=300&height=450&stretch=uniformtofill,Opposite spiker
77,77,Anne Buijs,/en/volleyball/worldcup/2019/women/teams/ned-netherlands/players/anne-buijs?id=76895,02/12/1991,191,73,317,299,29,https://www.fivb.org/Vis2009/Images/GetImage.asmx?No=87120&type=Press&width=300&height=450&stretch=uniformtofill,Wing spiker
78,78,Britt Bongaerts,/en/volleyball/worldcup/2019/women/teams/ned-netherlands/players/britt-bongaerts?id=76894,03/11/1996,185,68,296,284,24,https://www.fivb.org/Vis2009/Images/GetImage.asmx?No=87129&type=Press&width=300&height=450&stretch=uniformtofill,Setter
79,79,Laura Dijkema,/en/volleyball/worldcup/2019/women/teams/ned-netherlands/players/laura-dijkema?id=76898,18/02/1990,184,70,293,279,30,https://www.fivb.org/Vis2009/Images/GetImage.asmx?No=87123&type=Press&width=300&height=450&stretch=uniformtofill,Setter
80,80,Nicole Oude Luttikhuis,/en/volleyball/worldcup/2019/women/teams/ned-netherlands/players/nicole-oude-luttikhuis?id=76906,26/12/1997,191,82,312,305,23,https://www.fivb.org/Vis2009/Images/GetImage.asmx?No=87131&type=Press&width=300&height=450&stretch=uniformtofill,Wing spiker
81,81,Marrit Jasper,/en/volleyball/worldcup/2019/women/teams/ned-netherlands/players/marrit-jasper?id=76900,28/02/1996,180,75,300,285,24,https://www.fivb.org/Vis2009/Images/GetImage.asmx?No=87135&type=Press&width=300&height=450&stretch=uniformtofill,Wing spiker
82,82,Nicole Koolhaas,/en/volleyball/worldcup/2019/women/teams/ned-netherlands/players/nicole-koolhaas?id=76902,31/01/1991,198,77,310,300,29,https://www.fivb.org/Vis2009/Images/GetImage.asmx?No=87125&type=Press&width=300&height=450&stretch=uniformtofill,Middle blocker
83,83,Eline Timmerman,/en/volleyball/worldcup/2019/women/teams/ned-netherlands/players/eline-timmerman?id=76914,30/12/1998,192,78,303,295,22,https://www.fivb.org/Vis2009/Images/GetImage.asmx?No=87142&type=Press&width=300&height=450&stretch=uniformtofill,Middle blocker
84,84,Elina Rodriguez,/en/volleyball/worldcup/2019/women/teams/arg-argentina/players/elina-rodriguez?id=76938,11/02/1997,189,72,300,284,23,https://www.fivb.org/Vis2009/Images/GetImage.asmx?No=87550&type=Press&width=300&height=450&stretch=uniformtofill,Wing spiker
85,85,Paula Yamila Nizetich,/en/volleyball/worldcup/2019/women/teams/arg-argentina/players/paula-yamila-nizetich?id=76935,27/01/1989,181,74,305,295,31,https://www.fivb.org/Vis2009/Images/GetImage.asmx?No=87563&type=Press&width=300&height=450&stretch=uniformtofill,Wing spiker
86,86,Daniela Bulaich Simian,/en/volleyball/worldcup/2019/women/teams/arg-argentina/players/daniela-bulaich-simian?id=76921,05/09/1997,172,53,274,263,23,https://www.fivb.org/Vis2009/Images/GetImage.asmx?No=87565&type=Press&width=300&height=450&stretch=uniformtofill,Wing spiker
87,87,Lucia Fresco,/en/volleyball/worldcup/2019/women/teams/arg-argentina/players/lucia-fresco?id=76926,14/05/1991,195,92,304,290,29,https://www.fivb.org/Vis2009/Images/GetImage.asmx?No=87566&type=Press&width=300&height=450&stretch=uniformtofill,Opposite spiker
88,88,Agnes Victoria Michel Tosi,/en/volleyball/worldcup/2019/women/teams/arg-argentina/players/agnes-victoria-michel-tosi?id=76934,01/07/1999,182,69,283,273,21,https://www.fivb.org/Vis2009/Images/GetImage.asmx?No=87568&type=Press&width=300&height=450&stretch=uniformtofill,Middle blocker
89,89,Julieta Constanza Lazcano,/en/volleyball/worldcup/2019/women/teams/arg-argentina/players/julieta-constanza-lazcano?id=76929,25/07/1989,190,76,312,293,31,https://www.fivb.org/Vis2009/Images/GetImage.asmx?No=87569&type=Press&width=300&height=450&stretch=uniformtofill,Middle blocker
90,90,Tatiana Soledad Rizzo,/en/volleyball/worldcup/2019/women/teams/arg-argentina/players/tatiana-soledad-rizzo?id=76937,30/12/1986,178,64,280,268,34,https://www.fivb.org/Vis2009/Images/GetImage.asmx?No=87570&type=Press&width=300&height=450&stretch=uniformtofill,Libero
91,91,Bianca Farriol,/en/volleyball/worldcup/2019/women/teams/arg-argentina/players/bianca-farriol?id=76924,18/12/2001,180,68,290,270,19,https://www.fivb.org/Vis2009/Images/GetImage.asmx?No=87586&type=Press&width=300&height=450&stretch=uniformtofill,Middle blocker
92,92,Victoria Mayer,/en/volleyball/worldcup/2019/women/teams/arg-argentina/players/victoria-mayer?id=76932,19/06/2001,180,59,285,265,19,https://www.fivb.org/Vis2009/Images/GetImage.asmx?No=87571&type=Press&width=300&height=450&stretch=uniformtofill,Setter
93,93,Valentina Andrea Gonzalez,/en/volleyball/worldcup/2019/women/teams/arg-argentina/players/valentina-andrea-gonzalez?id=76928,23/02/1998,163,56,271,260,22,https://www.fivb.org/Vis2009/Images/GetImage.asmx?No=87585&type=Press&width=300&height=450&stretch=uniformtofill,Libero
94,94,Agostina Denisse Soria,/en/volleyball/worldcup/2019/women/teams/arg-argentina/players/agostina-denisse-soria?id=77115,09/10/1998,179,65,279,271,22,https://www.fivb.org/Vis2009/Images/GetImage.asmx?No=87576&type=Press&width=300&height=450&stretch=uniformtofill,Wing spiker
95,95,Candela Sol Salinas,/en/volleyball/worldcup/2019/women/teams/arg-argentina/players/candela-sol-salinas?id=76939,23/05/2000,183,64,278,265,20,https://www.fivb.org/Vis2009/Images/GetImage.asmx?No=87577&type=Press&width=300&height=450&stretch=uniformtofill,Opposite spiker
96,96,Sol Piccolo,/en/volleyball/worldcup/2019/women/teams/arg-argentina/players/sol-piccolo?id=76936,11/09/1996,184,74,294,282,24,https://www.fivb.org/Vis2009/Images/GetImage.asmx?No=87578&type=Press&width=300&height=450&stretch=uniformtofill,Wing spiker
97,97,Azul Benitez,/en/volleyball/worldcup/2019/women/teams/arg-argentina/players/azul-benitez?id=77172,05/02/1998,165,60,260,245,22,https://www.fivb.org/Vis2009/Images/GetImage.asmx?No=87581&type=Press&width=300&height=450&stretch=uniformtofill,Setter
98,98,Jane Wacu Wairimu,/en/volleyball/worldcup/2019/women/teams/ken-kenya/players/jane-wacu-wairimu?id=77165,24/03/1985,175,60,299,286,35,https://www.fivb.org/Vis2009/Images/GetImage.asmx?No=87861&type=Press&width=300&height=450&stretch=uniformtofill,Setter
99,99,Violet Makuto,/en/volleyball/worldcup/2019/women/teams/ken-kenya/players/violet-makuto?id=77157,20/05/1993,167,65,298,290,27,https://www.fivb.org/Vis2009/Images/GetImage.asmx?No=87863&type=Press&width=300&height=450&stretch=uniformtofill,Opposite spiker
100,100,Leonida Kasaya,/en/volleyball/worldcup/2019/women/teams/ken-kenya/players/leonida-kasaya?id=77150,10/10/1993,168,67,297,292,27,https://www.fivb.org/Vis2009/Images/GetImage.asmx?No=87867&type=Press&width=300&height=450&stretch=uniformtofill,Wing spiker
101,101,Sharon Chepchumba Kiprono,/en/volleyball/worldcup/2019/women/teams/ken-kenya/players/sharon-chepchumba-kiprono?id=77153,26/10/1998,183,82,293,281,22,https://www.fivb.org/Vis2009/Images/GetImage.asmx?No=87882&type=Press&width=300&height=450&stretch=uniformtofill,Opposite spiker
102,102,Janet Wanja,/en/volleyball/worldcup/2019/women/teams/ken-kenya/players/janet-wanja?id=77166,24/02/1984,175,59,299,287,36,https://www.fivb.org/Vis2009/Images/GetImage.asmx?No=87860&type=Press&width=300&height=450&stretch=uniformtofill,Setter
103,103,Trizah Atuka,/en/volleyball/worldcup/2019/women/teams/ken-kenya/players/trizah-atuka?id=77144,14/04/1992,188,65,298,293,28,https://www.fivb.org/Vis2009/Images/GetImage.asmx?No=87868&type=Press&width=300&height=450&stretch=uniformtofill,Middle blocker
104,104,Elizabeth Wanyama,/en/volleyball/worldcup/2019/women/teams/ken-kenya/players/elizabeth-wanyama?id=77167,27/05/1987,174,68,270,260,33,https://www.fivb.org/Vis2009/Images/GetImage.asmx?No=87864&type=Press&width=300&height=450&stretch=uniformtofill,Libero
105,105,Noel Murambi,/en/volleyball/worldcup/2019/women/teams/ken-kenya/players/noel-murambi?id=77161,29/01/1989,178,68,302,297,31,https://www.fivb.org/Vis2009/Images/GetImage.asmx?No=87865&type=Press&width=300&height=450&stretch=uniformtofill,Opposite spiker
106,106,Carolyne Sirengo,/en/volleyball/worldcup/2019/women/teams/ken-kenya/players/carolyne-sirengo?id=77163,04/11/1997,179,70,280,240,23,https://www.fivb.org/Vis2009/Images/GetImage.asmx?No=87875&type=Press&width=300&height=450&stretch=uniformtofill,Middle blocker
107,107,Mercy Moim,/en/volleyball/worldcup/2019/women/teams/ken-kenya/players/mercy-moim?id=77158,01/01/1989,183,72,320,308,31,https://www.fivb.org/Vis2009/Images/GetImage.asmx?No=87859&type=Press&width=300&height=450&stretch=uniformtofill,Wing spiker
108,108,Lorine Chebet Kaei,/en/volleyball/worldcup/2019/women/teams/ken-kenya/players/lorine-chebet-kaei?id=77149,08/10/1999,179,69,285,270,21,https://www.fivb.org/Vis2009/Images/GetImage.asmx?No=87878&type=Press&width=300&height=450&stretch=uniformtofill,Middle blocker
109,109,Agripina Khayesi Kundu,/en/volleyball/worldcup/2019/women/teams/ken-kenya/players/agripina-khayesi-kundu?id=77154,24/04/1993,174,63,260,250,27,https://www.fivb.org/Vis2009/Images/GetImage.asmx?No=87873&type=Press&width=300&height=450&stretch=uniformtofill,Libero
110,110,Emmaculate Chemtai,/en/volleyball/worldcup/2019/women/teams/ken-kenya/players/emmaculate-chemtai?id=77168,14/10/1993,180,68,300,285,27,https://www.fivb.org/Vis2009/Images/GetImage.asmx?No=87871&type=Press&width=300&height=450&stretch=uniformtofill,Opposite spiker
111,111,Edith Mukuvilani,/en/volleyball/worldcup/2019/women/teams/ken-kenya/players/edith-mukuvilani?id=77159,20/07/1994,184,72,298,292,26,https://www.fivb.org/Vis2009/Images/GetImage.asmx?No=87869&type=Press&width=300&height=450&stretch=uniformtofill,Middle blocker
112,112,Stephanie Fotso Mogoung,/en/volleyball/worldcup/2019/women/teams/cmr-cameroon/players/stephanie-fotso-mogoung?id=77181,25/09/1987,187,78,301,275,33,https://www.fivb.org/Vis2009/Images/GetImage.asmx?No=87442&type=Press&width=300&height=450&stretch=uniformtofill,Middle blocker
113,113,Christelle Tchoudjang Nana,/en/volleyball/worldcup/2019/women/teams/cmr-cameroon/players/christelle-tchoudjang-nana?id=77184,07/07/1989,184,80,308,285,31,https://www.fivb.org/Vis2009/Images/GetImage.asmx?No=87441&type=Press&width=300&height=450&stretch=uniformtofill,Opposite spiker
114,114,Raissa Nasser,/en/volleyball/worldcup/2019/women/teams/cmr-cameroon/players/raissa-nasser?id=77186,19/08/1994,173,73,284,270,26,https://www.fivb.org/Vis2009/Images/GetImage.asmx?No=87449&type=Press&width=300&height=450&stretch=uniformtofill,Libero
115,115,Paule Arielle Olomo,/en/volleyball/worldcup/2019/women/teams/cmr-cameroon/players/paule-arielle-olomo?id=77191,30/01/2001,185,70,285,270,19,https://www.fivb.org/Vis2009/Images/GetImage.asmx?No=87493&type=Press&width=300&height=450&stretch=uniformtofill,Middle blocker
116,116,Laetitia Crescence Moma Bassoko,/en/volleyball/worldcup/2019/women/teams/cmr-cameroon/players/laetitia-crescence-moma-bassoko?id=77185,09/10/1993,184,81,301,281,27,https://www.fivb.org/Vis2009/Images/GetImage.asmx?No=87443&type=Press&width=300&height=450&stretch=uniformtofill,Wing spiker
117,117,Honorine Djakao Gamkoua,/en/volleyball/worldcup/2019/women/teams/cmr-cameroon/players/honorine-djakao-gamkoua?id=77179,27/02/1992,172,65,280,270,28,https://www.fivb.org/Vis2009/Images/GetImage.asmx?No=87451&type=Press&width=300&height=450&stretch=uniformtofill,Setter
118,118,Berthrade Simone Flore Bikatal,/en/volleyball/worldcup/2019/women/teams/cmr-cameroon/players/berthrade-simone-flore-bikatal?id=77178,23/07/1992,183,76,297,253,28,https://www.fivb.org/Vis2009/Images/GetImage.asmx?No=87447&type=Press&width=300&height=450&stretch=uniformtofill,Wing spiker
119,119,Adetutu Sherilyn Adedayo Oghale Bashorun,/en/volleyball/worldcup/2019/women/teams/cmr-cameroon/players/adetutu-sherilyn-adedayo-oghale-bashorun?id=77177,26/09/1993,185,72,297,288,27,https://www.fivb.org/Vis2009/Images/GetImage.asmx?No=87454&type=Press&width=300&height=450&stretch=uniformtofill,Middle blocker
120,120,Abdoulkarim Fawziya,/en/volleyball/worldcup/2019/women/teams/cmr-cameroon/players/abdoulkarim-fawziya?id=77180,01/03/1989,180,67,292,275,31,https://www.fivb.org/Vis2009/Images/GetImage.asmx?No=87446&type=Press&width=300&height=450&stretch=uniformtofill,Wing spiker
121,121,Yolande Juliana Amana Guigolo,/en/volleyball/worldcup/2019/women/teams/cmr-cameroon/players/yolande-juliana-amana-guigolo?id=77176,15/09/1997,184,78,292,275,23,https://www.fivb.org/Vis2009/Images/GetImage.asmx?No=87450&type=Press&width=300&height=450&stretch=uniformtofill,Setter
122,122,Ezssi Emelda Piata,/en/volleyball/worldcup/2019/women/teams/cmr-cameroon/players/ezssi-emelda-piata?id=77183,08/04/1997,190,65,295,281,23,https://www.fivb.org/Vis2009/Images/GetImage.asmx?No=87448&type=Press&width=300&height=450&stretch=uniformtofill,Middle blocker
123,123,Estelle Adiana,/en/volleyball/worldcup/2019/women/teams/cmr-cameroon/players/estelle-adiana?id=77174,14/05/1997,182,85,285,256,23,https://www.fivb.org/Vis2009/Images/GetImage.asmx?No=87495&type=Press&width=300&height=450&stretch=uniformtofill,Opposite spiker
124,124,Odette Ahirnidi Menkred,/en/volleyball/worldcup/2019/women/teams/cmr-cameroon/players/odette-ahirnidi-menkred?id=77175,05/11/1999,174,68,270,250,21,https://www.fivb.org/Vis2009/Images/GetImage.asmx?No=87452&type=Press&width=300&height=450&stretch=uniformtofill,Libero
125,125,Ruth Manuela Marie Bibinbe,/en/volleyball/worldcup/2019/women/teams/cmr-cameroon/players/ruth-manuela-marie-bibinbe?id=77187,23/04/2002,198,90,330,310,18,https://www.fivb.org/Vis2009/Images/GetImage.asmx?No=87479&type=Press&width=300&height=450&stretch=uniformtofill,Middle blocker
126,126,Soyoung Lee,/en/volleyball/worldcup/2019/women/teams/kor-korea/players/soyoung-lee?id=77427,17/10/1994,176,68,279,269,26,https://www.fivb.org/Vis2009/Images/GetImage.asmx?No=88048&type=Press&width=300&height=450&stretch=uniformtofill,Wing spiker
127,127,Hye Seon Yeum,/en/volleyball/worldcup/2019/women/teams/kor-korea/players/hye-seon-yeum?id=77435,03/02/1991,177,65,278,263,29,https://www.fivb.org/Vis2009/Images/GetImage.asmx?No=88046&type=Press&width=300&height=450&stretch=uniformtofill,Setter
128,128,Heejin Kim,/en/volleyball/worldcup/2019/women/teams/kor-korea/players/heejin-kim?id=77419,29/04/1991,185,75,305,295,29,https://www.fivb.org/Vis2009/Images/GetImage.asmx?No=88033&type=Press&width=300&height=450&stretch=uniformtofill,Opposite spiker
129,129,Hae Ran Kim,/en/volleyball/worldcup/2019/women/teams/kor-korea/players/hae-ran-kim?id=77418,16/03/1984,168,60,270,250,36,https://www.fivb.org/Vis2009/Images/GetImage.asmx?No=88026&type=Press&width=300&height=450&stretch=uniformtofill,Libero
130,130,Hyejin Ha,/en/volleyball/worldcup/2019/women/teams/kor-korea/players/hyejin-ha?id=77413,07/09/1996,181,60,285,275,24,https://www.fivb.org/Vis2009/Images/GetImage.asmx?No=88052&type=Press&width=300&height=450&stretch=uniformtofill,Opposite spiker
131,131,Eunjin Park,/en/volleyball/worldcup/2019/women/teams/kor-korea/players/eunjin-park?id=77431,15/12/1999,187,74,293,283,21,https://www.fivb.org/Vis2009/Images/GetImage.asmx?No=88054&type=Press&width=300&height=450&stretch=uniformtofill,Middle blocker
132,132,Jiyoung Oh,/en/volleyball/worldcup/2019/women/teams/kor-korea/players/jiyoung-oh?id=77430,11/07/1988,170,63,267,247,32,https://www.fivb.org/Vis2009/Images/GetImage.asmx?No=88029&type=Press&width=300&height=450&stretch=uniformtofill,Libero
133,133,Yeon Koung Kim,/en/volleyball/worldcup/2019/women/teams/kor-korea/players/yeon-koung-kim?id=77421,26/02/1988,192,73,330,320,32,https://www.fivb.org/Vis2009/Images/GetImage.asmx?No=88030&type=Press&width=300&height=450&stretch=uniformtofill,Wing spiker
134,134,Su Ji Kim,/en/volleyball/worldcup/2019/women/teams/kor-korea/players/su-ji-kim?id=77420,11/07/1987,187,68,283,273,33,https://www.fivb.org/Vis2009/Images/GetImage.asmx?No=88031&type=Press&width=300&height=450&stretch=uniformtofill,Middle blocker
135,135,Jeongah Park,/en/volleyball/worldcup/2019/women/teams/kor-korea/players/jeongah-park?id=77432,26/03/1993,187,75,300,290,27,https://www.fivb.org/Vis2009/Images/GetImage.asmx?No=88041&type=Press&width=300&height=450&stretch=uniformtofill,Wing spiker
136,136,Hyo Jin Yang,/en/volleyball/worldcup/2019/women/teams/kor-korea/players/hyo-jin-yang?id=77434,14/12/1989,190,72,340,338,31,https://www.fivb.org/Vis2009/Images/GetImage.asmx?No=88032&type=Press&width=300&height=450&stretch=uniformtofill,Middle blocker
137,137,Sohwi Kang,/en/volleyball/worldcup/2019/women/teams/kor-korea/players/sohwi-kang?id=77417,18/07/1997,180,65,286,276,23,https://www.fivb.org/Vis2009/Images/GetImage.asmx?No=88051&type=Press&width=300&height=450&stretch=uniformtofill,Wing spiker
138,138,Jaeyeong Lee,/en/volleyball/worldcup/2019/women/teams/kor-korea/players/jaeyeong-lee?id=77424,15/10/1996,178,65,289,279,24,https://www.fivb.org/Vis2009/Images/GetImage.asmx?No=88050&type=Press&width=300&height=450&stretch=uniformtofill,Wing spiker
139,139,Dayeong Lee,/en/volleyball/worldcup/2019/women/teams/kor-korea/players/dayeong-lee?id=77423,15/10/1996,180,63,291,271,24,https://www.fivb.org/Vis2009/Images/GetImage.asmx?No=88049&type=Press&width=300&height=450&stretch=uniformtofill,Setter
