id,name,link,date_of_birth,height,weight,spike,block,age
0,Stephanie Fotso Mogoung,/en/competition/teams/cmr-cameroon/players/stephanie-fotso-mogoung?id=68803,25/09/1987,187,78,301,275,33
1,Christelle Tchoudjang Nana,/en/competition/teams/cmr-cameroon/players/christelle-tchoudjang-nana?id=68809,07/07/1989,184,80,308,285,31
2,Théorine Christelle Aboa Mbeza,/en/competition/teams/cmr-cameroon/players/th%c3%a9orine-christelle-aboa-mbeza?id=68795,25/08/1992,182,78,294,275,28
3,Laetitia Crescence Moma Bassoko,/en/competition/teams/cmr-cameroon/players/laetitia-crescence-moma-bassoko?id=68807,09/10/1993,184,81,301,281,27
4,Henriette Nadege Koulla,/en/competition/teams/cmr-cameroon/players/henriette-nadege-koulla?id=68804,14/09/1992,171,67,280,264,28
5,Bodo Essissima Madeleine Samantha,/en/competition/teams/cmr-cameroon/players/bodo-essissima-madeleine-samantha?id=68806,29/04/1992,182,75,296,275,28
6,Honorine Djakao Gamkoua,/en/competition/teams/cmr-cameroon/players/honorine-djakao-gamkoua?id=68801,27/02/1992,172,65,280,270,28
7,Berthrade Simone Flore Bikatal,/en/competition/teams/cmr-cameroon/players/berthrade-simone-flore-bikatal?id=68799,23/07/1992,183,76,297,253,28
8,Victoire Pauline L'or Ngon Ntame,/en/competition/teams/cmr-cameroon/players/victoire-pauline-l%27or-ngon-ntame?id=68810,31/12/1985,177,79,288,253,35
9,Abdoulkarim Fawziya,/en/competition/teams/cmr-cameroon/players/abdoulkarim-fawziya?id=68802,01/03/1989,180,67,292,275,31
10,Yolande Juliana Amana Guigolo,/en/competition/teams/cmr-cameroon/players/yolande-juliana-amana-guigolo?id=68797,15/09/1997,184,78,292,275,23
11,Ezssi Emelda Piata,/en/competition/teams/cmr-cameroon/players/ezssi-emelda-piata?id=68808,08/04/1997,190,65,295,281,23
12,Estelle Adiana,/en/competition/teams/cmr-cameroon/players/estelle-adiana?id=68811,14/05/1997,182,85,285,256,23
13,Dorianne Leumi Ndjiki,/en/competition/teams/cmr-cameroon/players/dorianne-leumi-ndjiki?id=68805,07/08/1995,184,74,275,220,25
14,Odette Ahirnidi Menkred,/en/competition/teams/cmr-cameroon/players/odette-ahirnidi-menkred?id=68796,05/11/1999,174,68,270,250,21
15,Reine Ngameni Mbopda Davina,/en/competition/teams/cmr-cameroon/players/reine-ngameni-mbopda-davina?id=68800,14/11/2002,168,65,250,240,18
16,Ruth Manuela Marie Bibinbe,/en/competition/teams/cmr-cameroon/players/ruth-manuela-marie-bibinbe?id=68798,23/04/2002,198,90,330,310,18
17,Lenka Dürr,/en/competition/teams/ger-germany/players/lenka-d%c3%bcrr?id=69313,10/12/1990,171,59,280,270,30
18,Pia Kästner,/en/competition/teams/ger-germany/players/pia-k%c3%a4stner?id=69320,29/06/1998,182,68,297,286,22
19,Denise Hanke,/en/competition/teams/ger-germany/players/denise-hanke?id=69317,31/08/1989,183,73,297,284,31
20,Maren Fromm,/en/competition/teams/ger-germany/players/maren-fromm?id=69314,10/07/1986,184,68,303,295,34
21,Jana Franziska Poll,/en/competition/teams/ger-germany/players/jana-franziska-poll?id=69325,07/05/1988,185,69,310,290,32
22,Jennifer Geerties,/en/competition/teams/ger-germany/players/jennifer-geerties?id=69315,05/04/1994,184,58,298,288,26
23,Kathleen Weiß,/en/competition/teams/ger-germany/players/kathleen-wei%c3%9f?id=69331,02/02/1984,171,66,290,273,36
24,Kimberly Drewniok,/en/competition/teams/ger-germany/players/kimberly-drewniok?id=69312,11/08/1997,188,73,311,298,23
25,Nele Barber,/en/competition/teams/ger-germany/players/nele-barber?id=69311,27/10/1994,183,55,290,280,26
26,Lena Stigrot,/en/competition/teams/ger-germany/players/lena-stigrot?id=69328,20/12/1994,184,68,303,295,26
27,Louisa Lippmann,/en/competition/teams/ger-germany/players/louisa-lippmann?id=69322,23/09/1994,191,78,319,312,26
28,Hanna Orthmann,/en/competition/teams/ger-germany/players/hanna-orthmann?id=69323,03/10/1998,188,74,302,291,22
29,Saskia Hippe,/en/competition/teams/ger-germany/players/saskia-hippe?id=69318,16/01/1991,185,67,315,292,29
30,Marie Schölzel,/en/competition/teams/ger-germany/players/marie-sch%c3%b6lzel?id=69326,01/08/1997,188,66,307,299,23
31,Barbara Roxana Wezorke,/en/competition/teams/ger-germany/players/barbara-roxana-wezorke?id=69332,12/04/1993,185,75,305,290,27
32,Lisa Thomsen,/en/competition/teams/ger-germany/players/lisa-thomsen?id=69329,20/08/1985,172,68,290,285,35
33,Anna Pogany,/en/competition/teams/ger-germany/players/anna-pogany?id=69324,21/07/1994,170,60,280,270,26
34,Leonie Schwertmann,/en/competition/teams/ger-germany/players/leonie-schwertmann?id=69327,12/01/1994,190,80,300,290,26
35,Juliane Langgemach,/en/competition/teams/ger-germany/players/juliane-langgemach?id=69321,06/11/1994,188,73,295,285,26
36,Ivana Vanjak,/en/competition/teams/ger-germany/players/ivana-vanjak?id=69330,30/05/1995,190,70,315,306,25
37,Lisa Gründing,/en/competition/teams/ger-germany/players/lisa-gr%c3%bcnding?id=69316,02/12/1991,186,68,303,291,29
38,Denise Imoudu,/en/competition/teams/ger-germany/players/denise-imoudu?id=69319,14/12/1995,180,67,290,280,25
39,Miyu Nagaoka,/en/competition/teams/jpn-japan/players/miyu-nagaoka?id=68761,25/07/1991,179,64,308,303,29
40,Sarina Koga,/en/competition/teams/jpn-japan/players/sarina-koga?id=68748,21/05/1996,180,66,307,290,24
41,Nana Iwasaka,/en/competition/teams/jpn-japan/players/nana-iwasaka?id=68746,03/07/1990,187,76,298,293,30
42,Risa Shinnabe,/en/competition/teams/jpn-japan/players/risa-shinnabe?id=68755,11/07/1990,175,64,293,285,30
43,Erika Shinomiya,/en/competition/teams/jpn-japan/players/erika-shinomiya?id=68741,03/08/1984,186,78,305,297,36
44,Yuki Ishii,/en/competition/teams/jpn-japan/players/yuki-ishii?id=68745,08/05/1991,180,67,305,287,29
45,Mami Uchiseto,/en/competition/teams/jpn-japan/players/mami-uchiseto?id=68759,25/10/1991,170,74,295,285,29
46,Haruyo Shimamura,/en/competition/teams/jpn-japan/players/haruyo-shimamura?id=68754,04/03/1992,182,78,297,290,28
47,Koyomi Iwasaki,/en/competition/teams/jpn-japan/players/koyomi-iwasaki?id=68758,01/05/1989,175,68,295,280,31
48,Yurie Nabeya,/en/competition/teams/jpn-japan/players/yurie-nabeya?id=68750,15/12/1993,176,57,305,292,27
49,Miya Sato,/en/competition/teams/jpn-japan/players/miya-sato?id=68753,07/03/1990,175,61,278,275,30
50,Mai Okumura,/en/competition/teams/jpn-japan/players/mai-okumura?id=68752,31/10/1990,177,66,297,285,30
51,Kotoe Inoue,/en/competition/teams/jpn-japan/players/kotoe-inoue?id=68744,15/02/1990,163,57,288,275,30
52,Mako Kobata,/en/competition/teams/jpn-japan/players/mako-kobata?id=68747,15/08/1992,164,55,285,274,28
53,Rika Nomoto,/en/competition/teams/jpn-japan/players/rika-nomoto?id=68751,21/09/1991,180,72,308,291,29
54,Saori Takahashi,/en/competition/teams/jpn-japan/players/saori-takahashi?id=68756,09/12/1992,177,66,307,290,28
55,Mari Horikawa,/en/competition/teams/jpn-japan/players/mari-horikawa?id=68742,03/05/1992,183,72,301,288,28
56,Arisa Inoue,/en/competition/teams/jpn-japan/players/arisa-inoue?id=68743,08/05/1995,178,66,300,285,25
57,Ai Kurogo,/en/competition/teams/jpn-japan/players/ai-kurogo?id=68749,14/06/1998,180,69,306,295,22
58,Kanami Tashiro,/en/competition/teams/jpn-japan/players/kanami-tashiro?id=68757,25/03/1991,173,68,289,273,29
59,Akane Moriya,/en/competition/teams/jpn-japan/players/akane-moriya?id=68760,08/01/1991,165,55,282,260,29
60,Aika Akutagawa,/en/competition/teams/jpn-japan/players/aika-akutagawa?id=68740,03/04/1991,180,62,304,280,29
61,Agostina Denisse Soria,/en/competition/teams/arg-argentina/players/agostina-denisse-soria?id=69166,09/10/1998,179,65,279,271,22
62,Rosa Reinoso,/en/competition/teams/arg-argentina/players/rosa-reinoso?id=69170,26/03/1996,176,71,290,281,24
63,Anahi Florencia Tosi,/en/competition/teams/arg-argentina/players/anahi-florencia-tosi?id=69168,10/07/1998,181,60,290,272,22
64,Lucia Fresco,/en/competition/teams/arg-argentina/players/lucia-fresco?id=69156,14/05/1991,195,92,304,290,29
65,Elina Rodriguez,/en/competition/teams/arg-argentina/players/elina-rodriguez?id=69164,11/02/1997,189,72,300,284,23
66,Natalia Aispurua,/en/competition/teams/arg-argentina/players/natalia-aispurua?id=69152,20/12/1991,192,78,310,293,29
67,Candela Sol Salinas,/en/competition/teams/arg-argentina/players/candela-sol-salinas?id=69173,23/05/2000,183,64,278,265,20
68,Clarisa Sagardia,/en/competition/teams/arg-argentina/players/clarisa-sagardia?id=69165,29/06/1989,174,67,290,280,31
69,Emilce Sosa,/en/competition/teams/arg-argentina/players/emilce-sosa?id=69167,11/09/1987,177,72,305,295,33
70,Julieta Constanza Lazcano,/en/competition/teams/arg-argentina/players/julieta-constanza-lazcano?id=69160,25/07/1989,190,76,312,293,31
71,Tatiana Soledad Rizzo,/en/competition/teams/arg-argentina/players/tatiana-soledad-rizzo?id=69163,30/12/1986,178,64,280,268,34
72,Virginia Granado,/en/competition/teams/arg-argentina/players/virginia-granado?id=69159,04/06/1992,186,90,292,275,28
73,Josefina Fernandez,/en/competition/teams/arg-argentina/players/josefina-fernandez?id=69154,17/08/1991,180,69,300,296,29
74,Antonela Fortuna,/en/competition/teams/arg-argentina/players/antonela-fortuna?id=69155,10/05/1995,175,61,285,275,25
75,Florencia Natasha Busquets Reyes,/en/competition/teams/arg-argentina/players/florencia-natasha-busquets-reyes?id=69153,27/06/1989,192,68,305,290,31
76,Helena Vidal,/en/competition/teams/arg-argentina/players/helena-vidal?id=69169,06/01/1989,186,71,300,293,31
77,Victoria Mayer,/en/competition/teams/arg-argentina/players/victoria-mayer?id=69172,19/06/2001,180,59,285,265,19
78,Morena Martinez Franchi,/en/competition/teams/arg-argentina/players/morena-martinez-franchi?id=69161,19/02/1993,164,62,285,264,27
79,Valentina Galiano,/en/competition/teams/arg-argentina/players/valentina-galiano?id=69157,12/08/1989,168,74,293,280,31
80,Brenda Graff,/en/competition/teams/arg-argentina/players/brenda-graff?id=69158,20/07/1994,190,85,300,290,26
81,Camila Hiruela Tapia,/en/competition/teams/arg-argentina/players/camila-hiruela-tapia?id=69171,01/02/1997,176,77,287,280,23
82,Agnes Victoria Michel Tosi,/en/competition/teams/arg-argentina/players/agnes-victoria-michel-tosi?id=69162,01/07/1999,182,69,283,273,21
83,Jeyran Imanova,/en/competition/teams/aze-azerbaijan/players/jeyran-imanova?id=67868,03/01/1995,165,51,250,242,25
84,Yana Azimova,/en/competition/teams/aze-azerbaijan/players/yana-azimova?id=67861,05/07/1994,176,65,290,285,26
85,Anastasiya Gurbanova,/en/competition/teams/aze-azerbaijan/players/anastasiya-gurbanova?id=67865,04/12/1989,190,73,305,290,31
86,Leyla Parshkova,/en/competition/teams/aze-azerbaijan/players/leyla-parshkova?id=68366,19/08/1998,174,57,230,225,22
87,Odina Aliyeva,/en/competition/teams/aze-azerbaijan/players/odina-aliyeva?id=67863,22/05/1990,186,82,315,295,30
88,Ayshan Abdulazimova,/en/competition/teams/aze-azerbaijan/players/ayshan-abdulazimova?id=67858,11/04/1993,182,68,265,260,27
89,Olena Hasanova,/en/competition/teams/aze-azerbaijan/players/olena-hasanova?id=67866,25/11/1995,187,72,305,300,25
90,Yelyzaveta Samadova,/en/competition/teams/aze-azerbaijan/players/yelyzaveta-samadova?id=67876,03/03/1995,185,72,305,290,25
91,Natalya Mammadova,/en/competition/teams/aze-azerbaijan/players/natalya-mammadova?id=67872,02/12/1984,196,78,319,302,36
92,Jana Kulan,/en/competition/teams/aze-azerbaijan/players/jana-kulan?id=67871,07/07/1987,195,76,318,302,33
93,Katerina Zhidkova,/en/competition/teams/aze-azerbaijan/players/katerina-zhidkova?id=67878,28/09/1989,187,68,298,285,31
94,Valeriya Mammadova,/en/competition/teams/aze-azerbaijan/players/valeriya-mammadova?id=67873,29/01/1984,171,62,260,255,36
95,Krystsina Yagubova,/en/competition/teams/aze-azerbaijan/players/krystsina-yagubova?id=67877,13/02/1996,184,69,295,285,24
96,Aynur Imanova,/en/competition/teams/aze-azerbaijan/players/aynur-imanova?id=67867,07/12/1988,189,66,290,280,32
97,Iuliia Karimova,/en/competition/teams/aze-azerbaijan/players/iuliia-karimova?id=67869,07/02/1988,176,56,260,255,32
98,Polina Rahimova,/en/competition/teams/aze-azerbaijan/players/polina-rahimova?id=67875,05/06/1990,195,73,307,290,30
99,Shafagat Alishanova,/en/competition/teams/aze-azerbaijan/players/shafagat-alishanova?id=67859,03/08/1991,178,63,287,280,29
100,Bayaz Aliyeva,/en/competition/teams/aze-azerbaijan/players/bayaz-aliyeva?id=67860,09/06/1990,176,65,290,285,30
101,Marharyta Azizova,/en/competition/teams/aze-azerbaijan/players/marharyta-azizova?id=67862,25/04/1993,186,70,305,300,27
102,Kseniya Pavlenko,/en/competition/teams/aze-azerbaijan/players/kseniya-pavlenko?id=67874,30/08/1993,181,76,300,297,27
103,Maryia Kiryliuk,/en/competition/teams/aze-azerbaijan/players/maryia-kiryliuk?id=69407,16/02/1995,187,83,305,290,25
104,Eunjin Park,/en/competition/teams/kor-korea/players/eunjin-park?id=68847,15/12/1999,187,74,293,283,21
105,Juah Lee,/en/competition/teams/kor-korea/players/juah-lee?id=68843,21/08/2000,185,69,282,272,20
106,Hoyoung Jung,/en/competition/teams/kor-korea/players/hoyoung-jung?id=68832,23/08/2001,190,70,285,260,19
107,Minkyoung Hwang,/en/competition/teams/kor-korea/players/minkyoung-hwang?id=68831,02/06/1990,174,64,290,282,30
108,Hyo Hee Lee,/en/competition/teams/kor-korea/players/hyo-hee-lee?id=68840,09/09/1980,173,58,272,252,40
109,Nayeon Lee,/en/competition/teams/kor-korea/players/nayeon-lee?id=68844,25/03/1992,173,62,261,241,28
110,Hae Ran Kim,/en/competition/teams/kor-korea/players/hae-ran-kim?id=68834,16/03/1984,168,60,270,250,36
111,Myungok Yim,/en/competition/teams/kor-korea/players/myungok-yim?id=68850,05/05/1986,175,62,273,253,34
112,Jiyoung Oh,/en/competition/teams/kor-korea/players/jiyoung-oh?id=69629,11/07/1988,170,63,267,247,32
113,Yeon Koung Kim,/en/competition/teams/kor-korea/players/yeon-koung-kim?id=68837,26/02/1988,192,73,330,320,32
114,Su Ji Kim,/en/competition/teams/kor-korea/players/su-ji-kim?id=68836,11/07/1987,187,68,283,273,33
115,Soyoung Lee,/en/competition/teams/kor-korea/players/soyoung-lee?id=68845,17/10/1994,176,68,279,269,26
116,Jeongah Park,/en/competition/teams/kor-korea/players/jeongah-park?id=68848,26/03/1993,187,75,300,290,27
117,Hyo Jin Yang,/en/competition/teams/kor-korea/players/hyo-jin-yang?id=68849,14/12/1989,190,72,340,338,31
118,Sohwi Kang,/en/competition/teams/kor-korea/players/sohwi-kang?id=68833,18/07/1997,180,65,286,276,23
119,Jae-Eun Lee,/en/competition/teams/kor-korea/players/jae-eun-lee?id=68841,11/03/1987,176,63,274,272,33
120,Jaeyeong Lee,/en/competition/teams/kor-korea/players/jaeyeong-lee?id=68842,15/10/1996,178,65,289,279,24
121,Sooji Han,/en/competition/teams/kor-korea/players/sooji-han?id=68830,01/02/1989,182,72,285,275,31
122,Dayeong Lee,/en/competition/teams/kor-korea/players/dayeong-lee?id=68839,15/10/1996,180,63,291,271,24
123,Hyun Jung Na,/en/competition/teams/kor-korea/players/hyun-jung-na?id=68846,10/03/1990,163,54,257,250,30
124,Yerim Go,/en/competition/teams/kor-korea/players/yerim-go?id=68829,12/06/1994,177,61,282,272,26
125,Yeongyeon Kim,/en/competition/teams/kor-korea/players/yeongyeon-kim?id=68838,01/12/1993,163,54,267,247,27
126,Micha Hancock,/en/competition/teams/usa-usa/players/micha-hancock?id=67610,10/11/1992,180,75,305,297,28
127,Carli Lloyd,/en/competition/teams/usa-usa/players/carli-lloyd?id=67613,06/08/1989,180,75,313,295,31
128,Rachael Adams,/en/competition/teams/usa-usa/players/rachael-adams?id=67604,03/06/1990,188,79,318,307,30
129,Tetori Dixon,/en/competition/teams/usa-usa/players/tetori-dixon?id=67607,04/08/1992,191,83,306,295,28
130,Lauren Carlini,/en/competition/teams/usa-usa/players/lauren-carlini?id=69040,28/02/1995,185,75,302,295,25
131,Lauren Gibbemeyer,/en/competition/teams/usa-usa/players/lauren-gibbemeyer?id=67609,08/09/1988,187,71,307,293,32
132,Madison Kingdon Rishel,/en/competition/teams/usa-usa/players/madison-kingdon-rishel?id=67615,20/04/1993,183,75,307,298,27
133,Jordan Larson,/en/competition/teams/usa-usa/players/jordan-larson?id=67612,16/10/1986,188,75,302,295,34
134,Andrea Drews,/en/competition/teams/usa-usa/players/andrea-drews?id=67608,25/12/1993,191,77,316,312,27
135,Kelly Murphy,/en/competition/teams/usa-usa/players/kelly-murphy?id=67614,20/10/1989,188,79,315,307,31
136,Sarah Wilhite,/en/competition/teams/usa-usa/players/sarah-wilhite?id=68461,30/07/1995,185,75,305,300,25
137,Michelle Bartsch-Hackley,/en/competition/teams/usa-usa/players/michelle-bartsch-hackley?id=67606,12/02/1990,190,78,305,296,30
138,Kimberly Hill,/en/competition/teams/usa-usa/players/kimberly-hill?id=67611,30/11/1989,193,72,320,310,31
139,Foluke Akinradewo,/en/competition/teams/usa-usa/players/foluke-akinradewo?id=67605,05/10/1987,191,79,331,300,33
140,Megan Courtney,/en/competition/teams/usa-usa/players/megan-courtney?id=68459,27/10/1993,185,61,314,300,27
141,Hannah Tapp,/en/competition/teams/usa-usa/players/hannah-tapp?id=69043,21/06/1995,191,77,297,290,25
142,Amanda Benson,/en/competition/teams/usa-usa/players/amanda-benson?id=69045,09/03/1995,169,63,265,257,25
143,Simone Lee,/en/competition/teams/usa-usa/players/simone-lee?id=69041,07/10/1996,186,70,310,305,24
144,Haleigh Washington,/en/competition/teams/usa-usa/players/haleigh-washington?id=69044,22/09/1995,190,82,307,295,25
145,Kelsey Robinson,/en/competition/teams/usa-usa/players/kelsey-robinson?id=67616,25/06/1992,188,73,307,298,28
146,Karsta Lowe,/en/competition/teams/usa-usa/players/karsta-lowe?id=68460,02/02/1993,194,75,315,305,27
147,Chiaka Ogbogu,/en/competition/teams/usa-usa/players/chiaka-ogbogu?id=69042,15/04/1995,188,73,318,307,25
148,Annerys Victoria Vargas Valdez,/en/competition/teams/dom-dominican%20republic/players/annerys-victoria-vargas-valdez?id=68415,07/08/1981,196,70,327,320,39
149,Lisvel Elisa Eve Mejia,/en/competition/teams/dom-dominican%20republic/players/lisvel-elisa-eve-mejia?id=68399,10/09/1991,194,70,325,315,29
150,Marianne Fersola Norberto,/en/competition/teams/dom-dominican%20republic/players/marianne-fersola-norberto?id=68400,16/01/1992,191,60,315,310,28
151,Brenda Castillo,/en/competition/teams/dom-dominican%20republic/players/brenda-castillo?id=68396,05/06/1992,167,55,245,230,28
152,Camil Inmaculada Dominguez Martinez,/en/competition/teams/dom-dominican%20republic/players/camil-inmaculada-dominguez-martinez?id=68398,07/12/1991,176,75,285,270,29
153,Niverka Dharlenis Marte Frica,/en/competition/teams/dom-dominican%20republic/players/niverka-dharlenis-marte-frica?id=68404,19/10/1990,178,71,295,283,30
154,Candida Estefany Arias Perez,/en/competition/teams/dom-dominican%20republic/players/candida-estefany-arias-perez?id=68394,11/03/1992,194,68,320,315,28
155,Natalia Martinez,/en/competition/teams/dom-dominican%20republic/players/natalia-martinez?id=68407,25/11/2000,186,71,310,300,20
156,Marifranchi Rodriguez,/en/competition/teams/dom-dominican%20republic/players/marifranchi-rodriguez?id=68413,29/08/1990,184,68,310,300,30
157,Yokaty Perez Flores,/en/competition/teams/dom-dominican%20republic/players/yokaty-perez-flores?id=68411,06/08/1998,178,79,291,257,22
158,Madeline Jazmin Guillen Paredes,/en/competition/teams/dom-dominican%20republic/players/madeline-jazmin-guillen-paredes?id=68402,04/06/2001,186,74,273,242,19
159,Prisilla Rivera Brens,/en/competition/teams/dom-dominican%20republic/players/prisilla-rivera-brens?id=68412,29/12/1984,183,67,309,305,36
160,Yonkaira Paola Peña Isabel,/en/competition/teams/dom-dominican%20republic/players/yonkaira-paola-pe%c3%b1a-isabel?id=68409,10/05/1993,190,70,320,310,27
161,Gina Altagracia Mambru Casilla,/en/competition/teams/dom-dominican%20republic/players/gina-altagracia-mambru-casilla?id=68403,21/01/1986,182,65,330,315,34
162,Bethania De La Cruz De Peña,/en/competition/teams/dom-dominican%20republic/players/bethania-de-la-cruz-de-pe%c3%b1a?id=68397,13/05/1987,188,70,330,320,33
163,Ana Yorkira Binet Stephens,/en/competition/teams/dom-dominican%20republic/players/ana-yorkira-binet-stephens?id=68395,09/02/1992,174,58,280,260,28
164,Brayelin Elizabeth Martinez,/en/competition/teams/dom-dominican%20republic/players/brayelin-elizabeth-martinez?id=68405,11/09/1996,201,83,330,320,24
165,Jineiry Martinez,/en/competition/teams/dom-dominican%20republic/players/jineiry-martinez?id=68406,03/12/1997,190,68,305,280,23
166,Yaneirys Rodriguez Duran,/en/competition/teams/dom-dominican%20republic/players/yaneirys-rodriguez-duran?id=68414,26/06/2000,171,56,280,251,20
167,Gaila Ceneida Gonzalez Lopez,/en/competition/teams/dom-dominican%20republic/players/gaila-ceneida-gonzalez-lopez?id=68401,25/06/1997,188,73,304,276,23
168,Vielka Michelle Peralta Luna,/en/competition/teams/dom-dominican%20republic/players/vielka-michelle-peralta-luna?id=68410,13/04/1999,186,56,310,305,21
169,Larysmer Martinez Caro,/en/competition/teams/dom-dominican%20republic/players/larysmer-martinez-caro?id=68408,18/10/1996,174,68,288,258,24
170,Yana Shcherban,/en/competition/teams/rus-russia/players/yana-shcherban?id=69306,06/09/1989,185,71,298,294,31
171,Daria Talysheva,/en/competition/teams/rus-russia/players/daria-talysheva?id=69309,16/10/1991,182,67,295,288,29
172,Ekaterina Efimova,/en/competition/teams/rus-russia/players/ekaterina-efimova?id=69290,03/07/1993,192,70,305,295,27
173,Natalia Krotkova,/en/competition/teams/rus-russia/players/natalia-krotkova?id=69297,01/07/1992,185,65,305,295,28
174,Iuliia Kutiukova,/en/competition/teams/rus-russia/players/iuliia-kutiukova?id=69299,30/03/1989,183,74,0,299,31
175,Irina Koroleva,/en/competition/teams/rus-russia/players/irina-koroleva?id=69295,04/10/1991,196,78,305,290,29
176,Tatiana Romanova,/en/competition/teams/rus-russia/players/tatiana-romanova?id=69304,09/09/1994,180,69,290,275,26
177,Nataliya Goncharova,/en/competition/teams/rus-russia/players/nataliya-goncharova?id=69293,01/06/1989,194,75,315,306,31
178,Alla Galkina,/en/competition/teams/rus-russia/players/alla-galkina?id=69292,15/04/1992,178,65,295,290,28
179,Ekaterina Pankova,/en/competition/teams/rus-russia/players/ekaterina-pankova?id=69368,02/02/1990,178,64,290,285,30
180,Ekaterina Lyubushkina,/en/competition/teams/rus-russia/players/ekaterina-lyubushkina?id=69301,02/01/1990,188,81,300,285,30
181,Daria Ryseva,/en/competition/teams/rus-russia/players/daria-ryseva?id=69305,05/03/1998,175,69,282,266,22
182,Evgeniya Startseva,/en/competition/teams/rus-russia/players/evgeniya-startseva?id=69308,12/02/1989,185,68,294,290,31
183,Irina Fetisova,/en/competition/teams/rus-russia/players/irina-fetisova?id=69291,07/09/1994,190,76,307,286,26
184,Irina Voronkova,/en/competition/teams/rus-russia/players/irina-voronkova?id=69310,20/10/1995,190,84,305,290,25
185,Natalia Malykh,/en/competition/teams/rus-russia/players/natalia-malykh?id=69302,08/12/1993,187,65,308,297,27
186,Kseniia Parubets,/en/competition/teams/rus-russia/players/kseniia-parubets?id=69303,31/10/1994,183,64,300,286,26
187,Olga Biryukova,/en/competition/teams/rus-russia/players/olga-biryukova?id=69289,19/09/1994,193,74,300,283,26
188,Daria Malygina,/en/competition/teams/rus-russia/players/daria-malygina?id=69344,04/04/1994,202,82,317,305,26
189,Anna Kotikova,/en/competition/teams/rus-russia/players/anna-kotikova?id=69296,13/10/1999,185,71,306,300,21
190,Angelina Lazarenko,/en/competition/teams/rus-russia/players/angelina-lazarenko?id=69300,13/04/1998,193,80,320,305,22
191,Ekaterina Ulanova,/en/competition/teams/rus-russia/players/ekaterina-ulanova?id=69345,05/08/1986,172,61,298,290,34
192,Gabriella Souza,/en/competition/teams/bra-brazil/players/gabriella-souza?id=69451,14/12/1993,175,69,296,273,27
193,Mara Ferreira Leao,/en/competition/teams/bra-brazil/players/mara-ferreira-leao?id=69443,26/07/1991,190,84,320,301,29
194,Danielle Lins,/en/competition/teams/bra-brazil/players/danielle-lins?id=69444,05/01/1985,181,68,290,276,35
195,Ana Carolina Da Silva,/en/competition/teams/bra-brazil/players/ana-carolina-da-silva?id=69433,08/04/1991,183,73,290,290,29
196,Adenizia Da Silva,/en/competition/teams/bra-brazil/players/adenizia-da-silva?id=69448,18/12/1986,185,63,312,290,34
197,Thaisa Daher De Menezes,/en/competition/teams/bra-brazil/players/thaisa-daher-de-menezes?id=69442,15/05/1987,196,79,316,301,33
198,Rosamaria Montibeller,/en/competition/teams/bra-brazil/players/rosamaria-montibeller?id=69435,09/04/1994,185,76,291,285,26
199,Fernanda Tomé,/en/competition/teams/bra-brazil/players/fernanda-tom%c3%a9?id=69447,10/12/1989,195,78,295,291,31
200,Roberta Silva Ratzke,/en/competition/teams/bra-brazil/players/roberta-silva-ratzke?id=69438,28/04/1990,185,71,287,278,30
201,Gabriela Braga Guimaraes,/en/competition/teams/bra-brazil/players/gabriela-braga-guimaraes?id=69450,19/05/1994,180,65,305,289,26
202,Claudia Bueno Da Silva,/en/competition/teams/bra-brazil/players/claudia-bueno-da-silva?id=69446,21/09/1987,181,80,290,266,33
203,Natalia Pereira,/en/competition/teams/bra-brazil/players/natalia-pereira?id=69436,04/04/1989,186,83,311,295,31
204,Amanda Francisco,/en/competition/teams/bra-brazil/players/amanda-francisco?id=69449,16/08/1988,180,62,304,286,32
205,Drussyla Costa,/en/competition/teams/bra-brazil/players/drussyla-costa?id=69431,01/07/1996,182,73,304,286,24
206,Monique Marinho Pavao,/en/competition/teams/bra-brazil/players/monique-marinho-pavao?id=69434,31/10/1986,178,67,294,285,34
207,Fernanda Rodrigues,/en/competition/teams/bra-brazil/players/fernanda-rodrigues?id=69445,10/05/1986,179,74,308,288,34
208,Suelen Pinto,/en/competition/teams/bra-brazil/players/suelen-pinto?id=69437,04/10/1987,166,81,256,238,33
209,Natália Araujo,/en/competition/teams/bra-brazil/players/nat%c3%a1lia-araujo?id=69439,10/04/1997,162,59,228,215,23
210,Tandara Caixeta,/en/competition/teams/bra-brazil/players/tandara-caixeta?id=69440,30/10/1988,184,87,305,297,32
211,Ana Beatriz Correa,/en/competition/teams/bra-brazil/players/ana-beatriz-correa?id=69430,07/02/1992,187,70,298,292,28
212,Mariana Costa,/en/competition/teams/bra-brazil/players/mariana-costa?id=69432,30/07/1986,181,73,295,283,34
213,Macris Fernanda Silva Carneiro,/en/competition/teams/bra-brazil/players/macris-fernanda-silva-carneiro?id=69441,03/03/1989,178,64,292,275,31
214,Gizem Orge,/en/competition/teams/tur-turkey/players/gizem-orge?id=69136,26/04/1993,170,59,270,260,27
215,Simge Sebnem Akoz,/en/competition/teams/tur-turkey/players/simge-sebnem-akoz?id=69120,23/04/1991,168,56,250,245,29
216,Cansu Özbay,/en/competition/teams/tur-turkey/players/cansu-%c3%b6zbay?id=69137,17/10/1996,182,78,298,290,24
217,Beyza Arici,/en/competition/teams/tur-turkey/players/beyza-arici?id=69121,27/07/1995,193,83,303,294,25
218,Seyma Ercan,/en/competition/teams/tur-turkey/players/seyma-ercan?id=69128,05/07/1994,187,73,305,294,26
219,Saliha Sahin,/en/competition/teams/tur-turkey/players/saliha-sahin?id=69141,05/11/1998,185,62,282,275,22
220,Hande Baladin,/en/competition/teams/tur-turkey/players/hande-baladin?id=69124,01/09/1997,190,81,309,300,23
221,Tugba Senoglu,/en/competition/teams/tur-turkey/players/tugba-senoglu?id=69140,02/02/1998,184,64,275,270,22
222,Meliha Ismailoglu,/en/competition/teams/tur-turkey/players/meliha-ismailoglu?id=69131,17/09/1993,188,73,303,291,27
223,Çagla Akin,/en/competition/teams/tur-turkey/players/%c3%a7agla-akin?id=69119,19/01/1995,177,70,300,280,25
224,Meryem Boz,/en/competition/teams/tur-turkey/players/meryem-boz?id=69125,03/02/1988,190,68,323,313,32
225,Eda Erdem Dündar,/en/competition/teams/tur-turkey/players/eda-erdem-d%c3%bcndar?id=69129,22/06/1987,188,74,307,297,33
226,Ebrar Karakurt,/en/competition/teams/tur-turkey/players/ebrar-karakurt?id=69133,17/01/2000,196,73,315,304,20
227,Cansu Aydinogullari,/en/competition/teams/tur-turkey/players/cansu-aydinogullari?id=69123,18/02/1992,183,70,275,270,28
228,Zehra Gunes,/en/competition/teams/tur-turkey/players/zehra-gunes?id=69130,07/07/1999,197,88,319,310,21
229,Asli Kalac,/en/competition/teams/tur-turkey/players/asli-kalac?id=69132,13/12/1995,185,73,306,297,25
230,Aylin Sarioğlu,/en/competition/teams/tur-turkey/players/aylin-sario%c4%9flu?id=69139,21/07/1995,169,68,300,290,25
231,Asl?Han Kilic,/en/competition/teams/tur-turkey/players/asl%3fhan-kilic?id=69134,21/04/1998,178,71,278,277,22
232,Kubra Caliskan,/en/competition/teams/tur-turkey/players/kubra-caliskan?id=69126,13/10/1994,198,86,310,310,26
233,Derya Cebecioglu,/en/competition/teams/tur-turkey/players/derya-cebecioglu?id=69127,24/10/2000,185,65,290,280,20
234,Güldeniz Önal,/en/competition/teams/tur-turkey/players/g%c3%bcldeniz-%c3%b6nal?id=69135,25/03/1986,183,75,302,293,34
235,İlkin Aydin,/en/competition/teams/tur-turkey/players/%c4%b0lkin-aydin?id=69122,05/01/2000,183,67,300,284,20
236,Wipawee Srithong,/en/competition/teams/tha-thailand/players/wipawee-srithong?id=69263,28/01/1999,174,65,288,266,21
237,Piyanut Pannoy,/en/competition/teams/tha-thailand/players/piyanut-pannoy?id=69260,10/11/1989,171,62,280,275,31
238,Pornpun Guedpard,/en/competition/teams/tha-thailand/players/pornpun-guedpard?id=69249,05/05/1993,170,63,288,279,27
239,Thatdao Nuekjang,/en/competition/teams/tha-thailand/players/thatdao-nuekjang?id=69258,03/02/1994,184,72,308,296,26
240,Pleumjit Thinkaow,/en/competition/teams/tha-thailand/players/pleumjit-thinkaow?id=69264,09/11/1983,180,67,303,283,37
241,Onuma Sittirak,/en/competition/teams/tha-thailand/players/onuma-sittirak?id=69261,13/06/1986,175,72,304,285,34
242,Hattaya Bamrungsuk,/en/competition/teams/tha-thailand/players/hattaya-bamrungsuk?id=69245,12/08/1993,180,71,292,282,27
243,Watchareeya Nuanjam,/en/competition/teams/tha-thailand/players/watchareeya-nuanjam?id=69257,22/07/1996,177,64,292,279,24
244,Jarasporn Bundasak,/en/competition/teams/tha-thailand/players/jarasporn-bundasak?id=69247,01/03/1993,181,65,291,283,27
245,Wilavan Apinyapong,/en/competition/teams/tha-thailand/players/wilavan-apinyapong?id=69244,06/06/1984,174,70,294,282,36
246,Wanitchaya Luangtonglang,/en/competition/teams/tha-thailand/players/wanitchaya-luangtonglang?id=69255,08/10/1992,177,60,300,275,28
247,Tapaphaipun Chaisri,/en/competition/teams/tha-thailand/players/tapaphaipun-chaisri?id=69248,29/11/1989,168,70,295,276,31
248,Nootsara Tomkom,/en/competition/teams/tha-thailand/players/nootsara-tomkom?id=69265,07/07/1985,169,57,289,278,35
249,Chitaporn Kamlangmak,/en/competition/teams/tha-thailand/players/chitaporn-kamlangmak?id=69251,17/03/1996,184,74,290,282,24
250,Malika Kanthong,/en/competition/teams/tha-thailand/players/malika-kanthong?id=69252,08/01/1987,178,65,292,278,33
251,Pimpichaya Kokram,/en/competition/teams/tha-thailand/players/pimpichaya-kokram?id=69253,16/06/1998,178,62,293,283,22
252,Tichaya Boonlert,/en/competition/teams/tha-thailand/players/tichaya-boonlert?id=69246,14/02/1997,179,64,293,284,23
253,Ajcharaporn Kongyot,/en/competition/teams/tha-thailand/players/ajcharaporn-kongyot?id=69254,18/06/1995,178,65,298,287,25
254,Chatchu-On Moksri,/en/competition/teams/tha-thailand/players/chatchu-on-moksri?id=69256,06/11/1999,178,58,298,290,21
255,Supattra Pairoj,/en/competition/teams/tha-thailand/players/supattra-pairoj?id=69259,27/06/1990,160,58,275,265,30
256,Thanacha Sooksod,/en/competition/teams/tha-thailand/players/thanacha-sooksod?id=69262,26/05/2000,180,70,283,275,20
257,Hathairat Jarat,/en/competition/teams/tha-thailand/players/hathairat-jarat?id=69250,09/02/1996,182,65,286,277,24
258,Hannah Floyd,/en/competition/teams/tto-trinidad%20%20tobago/players/hannah-floyd?id=68793,26/04/1997,183,58,309,304,23
259,Jalicia Ross,/en/competition/teams/tto-trinidad%20%20tobago/players/jalicia-ross?id=65479,26/07/1984,185,72,308,270,36
260,Channon Thompson,/en/competition/teams/tto-trinidad%20%20tobago/players/channon-thompson?id=65483,29/03/1994,181,72,289,277,26
261,Kelly-Anne Billingy,/en/competition/teams/tto-trinidad%20%20tobago/players/kelly-anne-billingy?id=65463,15/05/1986,190,87,316,303,34
262,Delicia Pierre,/en/competition/teams/tto-trinidad%20%20tobago/players/delicia-pierre?id=65477,11/10/1991,180,79,301,285,29
263,Sinead Jack,/en/competition/teams/tto-trinidad%20%20tobago/players/sinead-jack?id=65472,08/11/1993,198,82,310,304,27
264,Kiune Fletcher,/en/competition/teams/tto-trinidad%20%20tobago/players/kiune-fletcher?id=65468,14/05/2002,181,64,300,265,18
265,Darlene Ramdin,/en/competition/teams/tto-trinidad%20%20tobago/players/darlene-ramdin?id=65478,05/08/1989,187,89,286,281,31
266,Taija Thomas,/en/competition/teams/tto-trinidad%20%20tobago/players/taija-thomas?id=65482,24/10/1996,183,66,315,280,24
267,Afesha Olton,/en/competition/teams/tto-trinidad%20%20tobago/players/afesha-olton?id=65476,22/05/1992,165,60,200,185,28
268,Renele Forde,/en/competition/teams/tto-trinidad%20%20tobago/players/renele-forde?id=65470,06/08/1990,190,82,304,295,30
269,Mikela Mc Gillvery,/en/competition/teams/tto-trinidad%20%20tobago/players/mikela-mc-gillvery?id=65474,16/11/1999,192,88,260,250,21
270,Rejeanne Wallace,/en/competition/teams/tto-trinidad%20%20tobago/players/rejeanne-wallace?id=68794,14/05/1996,176,76,307,301,24
271,Latisha Morain,/en/competition/teams/tto-trinidad%20%20tobago/players/latisha-morain?id=65475,28/06/1997,165,65,185,175,23
272,Krystle Esdelle,/en/competition/teams/tto-trinidad%20%20tobago/players/krystle-esdelle?id=65467,01/08/1984,186,67,329,299,36
273,Shakeema Lake,/en/competition/teams/tto-trinidad%20%20tobago/players/shakeema-lake?id=65473,25/08/2000,180,70,304,290,20
274,Alexis Aaliyah,/en/competition/teams/tto-trinidad%20%20tobago/players/alexis-aaliyah?id=65460,20/08/1999,181,68,286,273,21
275,Afiya Alexander,/en/competition/teams/tto-trinidad%20%20tobago/players/afiya-alexander?id=65461,15/04/2001,177,59,220,210,19
276,Rayquelle Dickson,/en/competition/teams/tto-trinidad%20%20tobago/players/rayquelle-dickson?id=66431,22/10/2001,161,56,272,270,19
277,Gabriella Supersad,/en/competition/teams/tto-trinidad%20%20tobago/players/gabriella-supersad?id=65481,07/01/2000,160,59,205,200,20
278,Uxue Amaya Guereca Parra,/en/competition/teams/mex-mexico/players/uxue-amaya-guereca-parra?id=69375,12/02/2001,176,64,270,259,19
279,Lizette Lopez Robles,/en/competition/teams/mex-mexico/players/lizette-lopez-robles?id=69380,14/05/1990,164,65,275,245,30
280,Sanay Sashiko,/en/competition/teams/mex-mexico/players/sanay-sashiko?id=69394,13/05/1995,170,63,305,298,25
281,Ana Nieto,/en/competition/teams/mex-mexico/players/ana-nieto?id=69385,18/01/1994,182,61,298,291,26
282,Andrea Rangel,/en/competition/teams/mex-mexico/players/andrea-rangel?id=69387,19/05/1993,180,57,297,289,27
283,Samantha Bricio,/en/competition/teams/mex-mexico/players/samantha-bricio?id=69369,22/11/1994,185,58,302,283,26
284,Natalie Nizeth Nava Minjarez,/en/competition/teams/mex-mexico/players/natalie-nizeth-nava-minjarez?id=69384,19/10/2000,180,76,295,288,20
285,Dulce Carranza,/en/competition/teams/mex-mexico/players/dulce-carranza?id=69370,29/06/1990,178,83,275,252,30
286,Diana Valdez,/en/competition/teams/mex-mexico/players/diana-valdez?id=69391,11/01/1997,174,64,290,276,23
287,Lizbeth Sainz,/en/competition/teams/mex-mexico/players/lizbeth-sainz?id=69396,14/12/1995,178,55,295,285,25
288,Jocelyn Urias,/en/competition/teams/mex-mexico/players/jocelyn-urias?id=69390,16/02/1996,190,65,296,284,24
289,Joseline Landeros Palacios,/en/competition/teams/mex-mexico/players/joseline-landeros-palacios?id=69376,20/12/2000,169,60,265,249,20
290,Monica Moreno Hernandez,/en/competition/teams/mex-mexico/players/monica-moreno-hernandez?id=69383,27/04/1995,185,83,292,289,25
291,Grecia Esther Castro López,/en/competition/teams/mex-mexico/players/grecia-esther-castro-l%c3%b3pez?id=69371,05/03/2001,180,75,255,241,19
292,Ana Valle,/en/competition/teams/mex-mexico/players/ana-valle?id=69392,31/05/1996,194,89,310,297,24
293,Melanie Guadalupe Parra Quintero,/en/competition/teams/mex-mexico/players/melanie-guadalupe-parra-quintero?id=69386,12/09/2002,176,50,249,242,18
294,Karina Angelica Flores Gamez,/en/competition/teams/mex-mexico/players/karina-angelica-flores-gamez?id=69373,16/08/1998,192,80,299,285,22
295,Daniela Bernal Barraza,/en/competition/teams/mex-mexico/players/daniela-bernal-barraza?id=69395,03/05/2000,180,73,262,254,20
296,Ivone Martinez,/en/competition/teams/mex-mexico/players/ivone-martinez?id=69382,02/03/1997,172,56,310,302,23
297,Andrea Maldonado,/en/competition/teams/mex-mexico/players/andrea-maldonado?id=69381,08/09/1991,179,78,292,294,29
298,Renata López Morales,/en/competition/teams/mex-mexico/players/renata-l%c3%b3pez-morales?id=69378,15/02/2001,185,74,291,283,19
299,Valeria Salinas González,/en/competition/teams/mex-mexico/players/valeria-salinas-gonz%c3%a1lez?id=69389,02/06/2000,175,70,265,252,20
300,Jessica Niles,/en/competition/teams/can-canada/players/jessica-niles?id=68950,14/07/1993,176,61,287,278,27
301,Autumn Bailey,/en/competition/teams/can-canada/players/autumn-bailey?id=68938,02/06/1995,178,80,300,280,25
302,Kyla Richey,/en/competition/teams/can-canada/players/kyla-richey?id=68952,20/06/1989,188,83,309,292,31
303,Danielle Smith,/en/competition/teams/can-canada/players/danielle-smith?id=68954,29/04/1990,178,68,291,277,30
304,Alissa Coulter,/en/competition/teams/can-canada/players/alissa-coulter?id=68943,27/10/1993,184,74,301,288,27
305,Brianna Beamish,/en/competition/teams/can-canada/players/brianna-beamish?id=68939,04/09/1993,179,71,300,286,27
306,Alicia Ogoms,/en/competition/teams/can-canada/players/alicia-ogoms?id=68951,02/04/1994,194,82,315,305,26
307,Alexa Gray,/en/competition/teams/can-canada/players/alexa-gray?id=68958,07/08/1994,185,75,323,215,26
308,Anna Feore,/en/competition/teams/can-canada/players/anna-feore?id=68946,01/01/0001,175,63,299,290,2019
309,Jennifer Cross,/en/competition/teams/can-canada/players/jennifer-cross?id=68944,04/07/1992,195,81,315,296,28
310,Lucille Charuk,/en/competition/teams/can-canada/players/lucille-charuk?id=68941,13/08/1989,188,88,315,296,31
311,Kelsey Veltman,/en/competition/teams/can-canada/players/kelsey-veltman?id=68956,02/04/1996,189,78,310,295,24
312,Sarah Chase,/en/competition/teams/can-canada/players/sarah-chase?id=68942,08/10/1997,180,70,302,276,23
313,Shainah Joseph,/en/competition/teams/can-canada/players/shainah-joseph?id=68947,15/05/1995,183,78,329,292,25
314,Kristen Moncks,/en/competition/teams/can-canada/players/kristen-moncks?id=68949,31/07/1992,175,72,287,244,28
315,Kim Robitaille,/en/competition/teams/can-canada/players/kim-robitaille?id=68953,16/10/1991,179,59,302,283,29
316,Marie-Alex Bélanger,/en/competition/teams/can-canada/players/marie-alex-b%c3%a9langer?id=68940,13/04/1993,186,75,315,295,27
317,Alicia Perrin,/en/competition/teams/can-canada/players/alicia-perrin?id=68957,01/06/1992,188,84,305,286,28
318,Mariah Walsh,/en/competition/teams/can-canada/players/mariah-walsh?id=69397,09/10/1994,172,56,288,284,26
319,Megan Cyr,/en/competition/teams/can-canada/players/megan-cyr?id=68945,01/06/1990,182,75,297,282,30
320,Emily Maglio,/en/competition/teams/can-canada/players/emily-maglio?id=68948,13/11/1996,189,82,318,302,24
321,Kiera Van Ryk,/en/competition/teams/can-canada/players/kiera-van-ryk?id=68955,06/01/1999,188,85,302,288,21
344,Kirsten Knip,/en/competition/teams/ned-netherlands/players/kirsten-knip?id=67327,14/09/1992,175,70,281,275,28
345,Femke Stoltenborg,/en/competition/teams/ned-netherlands/players/femke-stoltenborg?id=67338,30/07/1991,189,81,303,299,29
346,Yvon Belien,/en/competition/teams/ned-netherlands/players/yvon-belien?id=67319,28/12/1993,188,73,307,303,27
347,Celeste Plak,/en/competition/teams/ned-netherlands/players/celeste-plak?id=67334,26/10/1995,190,87,314,302,25
348,Robin De Kruijf,/en/competition/teams/ned-netherlands/players/robin-de-kruijf?id=67323,05/05/1991,192,81,313,300,29
349,Maret Balkestein-Grothues,/en/competition/teams/ned-netherlands/players/maret-balkestein-grothues?id=67318,16/09/1988,180,68,304,285,32
350,Juliet Lohuis,/en/competition/teams/ned-netherlands/players/juliet-lohuis?id=67331,10/09/1996,190,77,305,295,24
351,Sarah Van Aalen,/en/competition/teams/ned-netherlands/players/sarah-van-aalen?id=67339,21/01/2000,183,68,300,293,20
352,Myrthe Schoot,/en/competition/teams/ned-netherlands/players/myrthe-schoot?id=67340,29/08/1988,182,70,298,286,32
353,Lonneke Slöetjes,/en/competition/teams/ned-netherlands/players/lonneke-sl%c3%b6etjes?id=67336,15/11/1990,191,76,322,315,30
354,Anne Buijs,/en/competition/teams/ned-netherlands/players/anne-buijs?id=67321,02/12/1991,191,73,317,299,29
355,Britt Bongaerts,/en/competition/teams/ned-netherlands/players/britt-bongaerts?id=67320,03/11/1996,185,68,296,284,24
356,Demi Korevaar,/en/competition/teams/ned-netherlands/players/demi-korevaar?id=67329,09/08/2000,187,71,311,303,20
357,Laura Dijkema,/en/competition/teams/ned-netherlands/players/laura-dijkema?id=67324,18/02/1990,184,70,293,279,30
358,Nicole Oude Luttikhuis,/en/competition/teams/ned-netherlands/players/nicole-oude-luttikhuis?id=67333,26/12/1997,191,82,312,305,23
359,Marrit Jasper,/en/competition/teams/ned-netherlands/players/marrit-jasper?id=67326,28/02/1996,180,75,300,285,24
360,Nika Daalderop,/en/competition/teams/ned-netherlands/players/nika-daalderop?id=67322,29/11/1998,189,72,317,308,22
361,Tessa Polder,/en/competition/teams/ned-netherlands/players/tessa-polder?id=67335,10/10/1997,189,76,301,293,23
362,Dagmar Boom,/en/competition/teams/ned-netherlands/players/dagmar-boom?id=69175,01/05/2000,181,69,296,291,20
363,Nicole Koolhaas,/en/competition/teams/ned-netherlands/players/nicole-koolhaas?id=67328,31/01/1991,198,77,310,300,29
364,Indy Baijens,/en/competition/teams/ned-netherlands/players/indy-baijens?id=67317,04/02/2001,190,67,317,312,19
365,Annick Meijers,/en/competition/teams/ned-netherlands/players/annick-meijers?id=67332,23/03/2000,188,70,310,301,20
366,Claudia Hernandez Aguila,/en/competition/teams/cub-cuba/players/claudia-hernandez-aguila?id=67901,09/01/1997,181,78,225,223,23
367,Regla Rainierys Gracia Gonzalez,/en/competition/teams/cub-cuba/players/regla-rainierys-gracia-gonzalez?id=67900,28/05/1993,177,67,301,282,27
368,Lianny Tamayo Canton,/en/competition/teams/cub-cuba/players/lianny-tamayo-canton?id=67913,30/04/1999,178,58,295,290,21
369,Yamila Hernandez Santas,/en/competition/teams/cub-cuba/players/yamila-hernandez-santas?id=67902,08/11/1992,182,69,301,285,28
370,Daymara Lescay Cajigal,/en/competition/teams/cub-cuba/players/daymara-lescay-cajigal?id=67903,05/09/1992,184,72,310,305,28
371,Evilania Martinez Luis,/en/competition/teams/cub-cuba/players/evilania-martinez-luis?id=67997,11/01/2000,184,71,305,300,20
372,Diaris Perez Ramos,/en/competition/teams/cub-cuba/players/diaris-perez-ramos?id=67910,16/11/1998,182,75,304,295,22
373,Dayessi Luis Ruiz,/en/competition/teams/cub-cuba/players/dayessi-luis-ruiz?id=67904,23/10/1996,170,60,288,248,24
374,Emily Borrell Cruz,/en/competition/teams/cub-cuba/players/emily-borrell-cruz?id=67898,19/02/1992,167,55,270,260,28
375,Gretell Elena Moreno Borrero,/en/competition/teams/cub-cuba/players/gretell-elena-moreno-borrero?id=67907,30/01/1998,183,68,287,280,22
376,Ailama Cese Montalvo,/en/competition/teams/cub-cuba/players/ailama-cese-montalvo?id=67899,29/10/2000,188,58,322,308,20
377,Yamisleydis Viltres Pacheco,/en/competition/teams/cub-cuba/players/yamisleydis-viltres-pacheco?id=67915,26/07/2001,189,73,247,244,19
378,Jessica Aguilera Carbajal,/en/competition/teams/cub-cuba/players/jessica-aguilera-carbajal?id=67897,25/05/1999,184,68,311,302,21
379,Kitania Medina Torres,/en/competition/teams/cub-cuba/players/kitania-medina-torres?id=67906,24/02/1999,186,77,308,295,21
380,Odaimis Naomis Leliebre Palma,/en/competition/teams/cub-cuba/players/odaimis-naomis-leliebre-palma?id=67996,16/01/2001,175,70,228,226,19
381,Laura Beatriz Suarez Hernandez,/en/competition/teams/cub-cuba/players/laura-beatriz-suarez-hernandez?id=67912,13/12/1998,185,75,304,292,22
382,Thalia Moreno Reyes,/en/competition/teams/cub-cuba/players/thalia-moreno-reyes?id=67908,10/04/2002,189,76,315,308,18
383,Heidy Margarita Rodriguez Lopez,/en/competition/teams/cub-cuba/players/heidy-margarita-rodriguez-lopez?id=68787,24/06/1993,187,66,312,308,27
384,Egli Sabin Terry,/en/competition/teams/cub-cuba/players/egli-sabin-terry?id=67911,25/11/1991,187,76,315,308,29
385,Daima Del Rió Preval,/en/competition/teams/cub-cuba/players/daima-del-ri%c3%b3-preval?id=67994,09/09/2000,180,77,236,234,20
386,Yaimaris De Los Angeles Garcia Victoria,/en/competition/teams/cub-cuba/players/yaimaris-de-los-angeles-garcia-victoria?id=67995,03/12/2002,183,73,265,258,18
387,Ivy May Vila Wittingham,/en/competition/teams/cub-cuba/players/ivy-may-vila-wittingham?id=67914,22/07/2001,181,78,235,232,19
388,Tatyana Fendrikova,/en/competition/teams/kaz-kazakhstan/players/tatyana-fendrikova?id=68482,23/02/1990,169,55,280,275,30
389,Sana Anarkulova,/en/competition/teams/kaz-kazakhstan/players/sana-anarkulova?id=68475,21/07/1989,188,77,300,280,31
390,Yekaterina Zhdanova,/en/competition/teams/kaz-kazakhstan/players/yekaterina-zhdanova?id=68494,28/05/1992,183,65,280,270,28
391,Marina Storozhenko,/en/competition/teams/kaz-kazakhstan/players/marina-storozhenko?id=68489,06/06/1985,175,57,290,280,35
392,Natalya Akilova,/en/competition/teams/kaz-kazakhstan/players/natalya-akilova?id=68473,31/05/1993,183,62,295,275,27
393,Inna Yakovleva,/en/competition/teams/kaz-kazakhstan/players/inna-yakovleva?id=68493,04/03/1988,177,65,208,217,32
394,Korinna Ishimtseva,/en/competition/teams/kaz-kazakhstan/players/korinna-ishimtseva?id=68483,08/02/1984,187,69,300,290,36
395,Olga Drobyshevskaya,/en/competition/teams/kaz-kazakhstan/players/olga-drobyshevskaya?id=68481,22/09/1985,185,75,305,293,35
396,Aliya Sadykova,/en/competition/teams/kaz-kazakhstan/players/aliya-sadykova?id=68487,01/08/1988,174,63,293,281,32
397,Katerina Tatko,/en/competition/teams/kaz-kazakhstan/players/katerina-tatko?id=68491,15/12/1992,182,70,285,275,28
398,Yana Petrenko,/en/competition/teams/kaz-kazakhstan/players/yana-petrenko?id=68485,30/07/1990,181,71,297,265,30
399,Radmila Beresneva,/en/competition/teams/kaz-kazakhstan/players/radmila-beresneva?id=68479,06/06/1983,185,70,300,295,37
400,Alessya Safronova,/en/competition/teams/kaz-kazakhstan/players/alessya-safronova?id=68488,10/02/1986,192,70,290,280,34
401,Aliya Batkuldina,/en/competition/teams/kaz-kazakhstan/players/aliya-batkuldina?id=68477,18/11/1995,181,74,273,264,25
402,Yekaterina Razorenkova,/en/competition/teams/kaz-kazakhstan/players/yekaterina-razorenkova?id=68486,03/06/1993,185,69,283,280,27
403,Alla Bogdashkina,/en/competition/teams/kaz-kazakhstan/players/alla-bogdashkina?id=68480,22/08/1985,185,65,275,270,35
404,Kristina Anikonova,/en/competition/teams/kaz-kazakhstan/players/kristina-anikonova?id=68476,05/01/1991,183,73,295,285,29
405,Kristina Belova,/en/competition/teams/kaz-kazakhstan/players/kristina-belova?id=68478,29/11/1998,182,72,244,285,22
406,Sabina Altynbekova,/en/competition/teams/kaz-kazakhstan/players/sabina-altynbekova?id=68474,05/11/1996,182,59,280,269,24
407,Zhanna Syroeshkina,/en/competition/teams/kaz-kazakhstan/players/zhanna-syroeshkina?id=68490,04/06/1999,182,77,244,232,21
408,Yana Yagodina,/en/competition/teams/kaz-kazakhstan/players/yana-yagodina?id=68492,24/01/1993,182,69,300,285,27
409,Kristina Karapetan,/en/competition/teams/kaz-kazakhstan/players/kristina-karapetan?id=68484,03/08/1992,185,73,280,272,28
410,Serena Ortolani,/en/competition/teams/ita-italy/players/serena-ortolani?id=68935,07/01/1987,187,63,320,240,33
411,Laura Melandri,/en/competition/teams/ita-italy/players/laura-melandri?id=68928,31/01/1995,184,60,305,236,25
412,Carlotta Cambi,/en/competition/teams/ita-italy/players/carlotta-cambi?id=68918,28/05/1996,177,66,302,292,24
413,Rachele Morello,/en/competition/teams/ita-italy/players/rachele-morello?id=68930,07/11/2000,185,77,295,274,20
414,Ofelia Malinov,/en/competition/teams/ita-italy/players/ofelia-malinov?id=68927,29/02/1996,185,70,304,285,24
415,Monica De Gennaro,/en/competition/teams/ita-italy/players/monica-de-gennaro?id=68922,08/01/1987,174,67,292,217,33
416,Sylvia Chinelo Nwakalor,/en/competition/teams/ita-italy/players/sylvia-chinelo-nwakalor?id=68932,12/08/1999,180,70,330,312,21
417,Alessia Orro,/en/competition/teams/ita-italy/players/alessia-orro?id=68934,18/07/1998,180,74,308,231,22
418,Caterina Bosetti,/en/competition/teams/ita-italy/players/caterina-bosetti?id=68916,02/02/1994,179,59,299,281,26
419,Cristina Chirichella,/en/competition/teams/ita-italy/players/cristina-chirichella?id=68919,10/02/1994,194,79,322,306,26
420,Anna Danesi,/en/competition/teams/ita-italy/players/anna-danesi?id=68920,20/04/1996,198,78,312,294,24
421,Anastasia Guerra,/en/competition/teams/ita-italy/players/anastasia-guerra?id=68925,15/10/1996,187,69,312,294,24
422,Sarah Luisa Fahr,/en/competition/teams/ita-italy/players/sarah-luisa-fahr?id=68923,12/09/2001,194,84,322,306,19
423,Elena Pietrini,/en/competition/teams/ita-italy/players/elena-pietrini?id=68937,17/03/2000,190,73,330,306,20
424,Marina Lubian,/en/competition/teams/ita-italy/players/marina-lubian?id=68926,11/04/2000,195,73,318,300,20
425,Lucia Bosetti,/en/competition/teams/ita-italy/players/lucia-bosetti?id=68917,09/07/1989,178,63,310,292,31
426,Miryam Fatime Sylla,/en/competition/teams/ita-italy/players/miryam-fatime-sylla?id=68924,08/01/1995,184,80,320,240,25
427,Paola Ogechi Egonu,/en/competition/teams/ita-italy/players/paola-ogechi-egonu?id=68933,18/12/1998,193,80,344,321,22
428,Camilla Mingardi,/en/competition/teams/ita-italy/players/camilla-mingardi?id=68929,19/10/1997,182,86,300,280,23
429,Beatrice Parrocchiale,/en/competition/teams/ita-italy/players/beatrice-parrocchiale?id=68936,26/12/1995,168,59,286,258,25
430,Chiara De Bortoli,/en/competition/teams/ita-italy/players/chiara-de-bortoli?id=68921,28/07/1997,177,61,308,286,23
431,Anna Nicoletti,/en/competition/teams/ita-italy/players/anna-nicoletti?id=68931,03/01/1996,193,86,306,290,24
432,Bianka Busa,/en/competition/teams/srb-serbia/players/bianka-busa?id=69350,25/07/1994,187,74,312,298,26
433,Katarina Lazovic,/en/competition/teams/srb-serbia/players/katarina-lazovic?id=69353,12/09/1999,182,65,290,277,21
434,Sanja Malagurski,/en/competition/teams/srb-serbia/players/sanja-malagurski?id=69355,08/06/1990,193,74,305,295,30
435,Bojana Drca,/en/competition/teams/srb-serbia/players/bojana-drca?id=69367,29/03/1988,186,70,298,283,32
436,Maja Savic,/en/competition/teams/srb-serbia/players/maja-savic?id=69364,14/08/1993,189,70,305,295,27
437,Tijana Malesevic,/en/competition/teams/srb-serbia/players/tijana-malesevic?id=69356,18/03/1991,185,78,300,286,29
438,Ana Antonijevic,/en/competition/teams/srb-serbia/players/ana-antonijevic?id=69347,26/08/1987,185,71,282,269,33
439,Sladjana Mirkovic,/en/competition/teams/srb-serbia/players/sladjana-mirkovic?id=69359,07/10/1995,185,78,293,283,25
440,Brankica Mihajlovic,/en/competition/teams/srb-serbia/players/brankica-mihajlovic?id=69357,13/04/1991,190,83,302,290,29
441,Maja Ognjenovic,/en/competition/teams/srb-serbia/players/maja-ognjenovic?id=69360,06/08/1984,183,67,300,293,36
442,Stefana Veljkovic,/en/competition/teams/srb-serbia/players/stefana-veljkovic?id=69366,09/01/1990,190,76,325,310,30
443,Teodora Pusic,/en/competition/teams/srb-serbia/players/teodora-pusic?id=69362,12/03/1993,170,58,270,260,27
444,Ana Bjelica,/en/competition/teams/srb-serbia/players/ana-bjelica?id=69348,03/04/1992,190,78,310,305,28
445,Maja Aleksic,/en/competition/teams/srb-serbia/players/maja-aleksic?id=69346,06/06/1997,188,72,302,289,23
446,Jovana Stevanovic,/en/competition/teams/srb-serbia/players/jovana-stevanovic?id=69365,30/06/1992,192,72,308,295,28
447,Milena Rasic,/en/competition/teams/srb-serbia/players/milena-rasic?id=69363,25/10/1990,193,72,315,310,30
448,Silvija Popovic,/en/competition/teams/srb-serbia/players/silvija-popovic?id=69361,15/03/1986,178,65,286,276,34
449,Tijana Boškovic,/en/competition/teams/srb-serbia/players/tijana-bo%c5%a1kovic?id=69349,08/03/1997,193,82,315,300,23
450,Bojana Milenkovic,/en/competition/teams/srb-serbia/players/bojana-milenkovic?id=69358,06/03/1997,185,70,294,288,23
451,Ana Zivojinovic,/en/competition/teams/srb-serbia/players/ana-zivojinovic?id=69352,04/07/1991,186,74,280,268,29
452,Jovana Kocic,/en/competition/teams/srb-serbia/players/jovana-kocic?id=69351,24/02/1998,190,85,290,285,22
453,Sara Lozo,/en/competition/teams/srb-serbia/players/sara-lozo?id=69354,29/04/1997,186,61,295,290,23
454,Daly Santana,/en/competition/teams/pur-puerto%20rico/players/daly-santana?id=69110,19/02/1995,182,72,272,267,25
455,Shara Venegas,/en/competition/teams/pur-puerto%20rico/players/shara-venegas?id=69114,18/09/1992,172,58,280,270,28
456,Valeria A. Leon,/en/competition/teams/pur-puerto%20rico/players/valeria-a-leon?id=69102,21/11/1995,166,67,248,242,25
457,Raymariely Santos,/en/competition/teams/pur-puerto%20rico/players/raymariely-santos?id=69112,13/04/1992,183,72,290,288,28
458,Julymar Lorelys Otero Perez,/en/competition/teams/pur-puerto%20rico/players/julymar-lorelys-otero-perez?id=69107,31/10/1996,177,65,235,239,24
459,Lynda Morales,/en/competition/teams/pur-puerto%20rico/players/lynda-morales?id=69103,20/05/1988,188,74,302,296,32
460,Stephanie Enright,/en/competition/teams/pur-puerto%20rico/players/stephanie-enright?id=69098,15/12/1990,179,56,300,292,30
461,Jennifer Nogueras,/en/competition/teams/pur-puerto%20rico/players/jennifer-nogueras?id=69104,01/08/1991,185,88,299,292,29
462,Aurea Cruz,/en/competition/teams/pur-puerto%20rico/players/aurea-cruz?id=69097,10/01/1982,180,63,310,290,38
463,Jennifer Quesada,/en/competition/teams/pur-puerto%20rico/players/jennifer-quesada?id=69108,22/02/1992,188,71,299,295,28
464,Karina Ocasio,/en/competition/teams/pur-puerto%20rico/players/karina-ocasio?id=69105,01/08/1985,192,76,298,288,35
465,Neira Ortiz,/en/competition/teams/pur-puerto%20rico/players/neira-ortiz?id=69118,06/07/1993,192,68,262,256,27
466,Shirley Ferrer,/en/competition/teams/pur-puerto%20rico/players/shirley-ferrer?id=69099,23/06/1991,180,63,290,293,29
467,Natalia Valentin,/en/competition/teams/pur-puerto%20rico/players/natalia-valentin?id=69113,12/09/1989,170,61,244,240,31
468,Jenselyn Morales,/en/competition/teams/pur-puerto%20rico/players/jenselyn-morales?id=69174,07/06/1999,183,63,247,242,21
469,Noami Santos,/en/competition/teams/pur-puerto%20rico/players/noami-santos?id=69111,29/11/1993,192,63,309,300,27
470,Alba Hernandez,/en/competition/teams/pur-puerto%20rico/players/alba-hernandez?id=69100,03/10/1994,207,87,305,293,26
471,Ana Sofia Jusino,/en/competition/teams/pur-puerto%20rico/players/ana-sofia-jusino?id=69101,05/01/1994,189,65,310,294,26
472,Sofia Victoria,/en/competition/teams/pur-puerto%20rico/players/sofia-victoria?id=69116,03/05/2002,180,69,284,279,18
473,Pilar Marie Victoria,/en/competition/teams/pur-puerto%20rico/players/pilar-marie-victoria?id=69115,11/10/1995,182,53,301,268,25
474,Adriana Vinas Joy,/en/competition/teams/pur-puerto%20rico/players/adriana-vinas-joy?id=69117,01/03/1994,178,74,245,237,26
475,Diana Reyes,/en/competition/teams/pur-puerto%20rico/players/diana-reyes?id=69109,29/04/1993,191,80,303,299,27
476,Gergana Dimitrova,/en/competition/teams/bul-bulgaria/players/gergana-dimitrova?id=68902,28/02/1996,184,71,305,288,24
477,Nasya Dimitrova,/en/competition/teams/bul-bulgaria/players/nasya-dimitrova?id=68903,06/11/1992,190,70,305,290,28
478,Kristiana Petrova,/en/competition/teams/bul-bulgaria/players/kristiana-petrova?id=68911,13/07/1997,177,70,290,282,23
479,Veselina Arshinkova,/en/competition/teams/bul-bulgaria/players/veselina-arshinkova?id=68904,06/09/1995,194,80,303,292,25
480,Miroslava Paskova,/en/competition/teams/bul-bulgaria/players/miroslava-paskova?id=68910,16/02/1996,180,67,299,280,24
481,Lora Kitipova,/en/competition/teams/bul-bulgaria/players/lora-kitipova?id=68907,19/05/1991,184,66,290,283,29
482,Petya Barakova,/en/competition/teams/bul-bulgaria/players/petya-barakova?id=68900,18/06/1994,180,76,283,271,26
483,Monika Krasteva,/en/competition/teams/bul-bulgaria/players/monika-krasteva?id=68908,09/05/1999,183,64,292,285,21
484,Mira Todorova,/en/competition/teams/bul-bulgaria/players/mira-todorova?id=68914,12/04/1994,187,73,312,300,26
485,Hristina Ruseva,/en/competition/teams/bul-bulgaria/players/hristina-ruseva?id=68913,01/10/1991,190,77,305,290,29
486,Mariya Karakasheva,/en/competition/teams/bul-bulgaria/players/mariya-karakasheva?id=68906,27/10/1988,182,68,295,290,32
487,Ivelina Monova,/en/competition/teams/bul-bulgaria/players/ivelina-monova?id=68909,17/01/1986,173,58,285,280,34
488,Zhana Todorova,/en/competition/teams/bul-bulgaria/players/zhana-todorova?id=68915,06/01/1997,170,56,271,255,23
489,Elitsa Vasileva,/en/competition/teams/bul-bulgaria/players/elitsa-vasileva?id=69038,13/05/1990,190,73,302,290,30
490,Silvana Chausheva,/en/competition/teams/bul-bulgaria/players/silvana-chausheva?id=68901,19/05/1995,188,75,305,290,25
491,Kristina Guncheva,/en/competition/teams/bul-bulgaria/players/kristina-guncheva?id=68905,24/03/1994,178,61,282,271,26
492,Vangeliya Rachkovska,/en/competition/teams/bul-bulgaria/players/vangeliya-rachkovska?id=68912,19/07/1997,185,67,296,281,23
493,Xinyue Yuan,/en/competition/teams/chn-china/players/xinyue-yuan?id=69282,21/12/1996,201,78,317,311,24
494,Ting Zhu,/en/competition/teams/chn-china/players/ting-zhu?id=69286,29/11/1994,198,78,327,300,26
495,Fangxu Yang,/en/competition/teams/chn-china/players/fangxu-yang?id=69280,06/10/1994,190,82,308,300,26
496,Hanyu Yang,/en/competition/teams/chn-china/players/hanyu-yang?id=69288,12/10/1999,192,72,317,311,21
497,Mingyuan Hu,/en/competition/teams/chn-china/players/mingyuan-hu?id=69271,17/05/1996,187,69,305,297,24
498,Xiangyu Gong,/en/competition/teams/chn-china/players/xiangyu-gong?id=69270,21/04/1997,186,72,313,302,23
499,Luyao Xu,/en/competition/teams/chn-china/players/luyao-xu?id=69278,18/08/2000,192,90,305,295,20
500,Chunlei Zeng,/en/competition/teams/chn-china/players/chunlei-zeng?id=69283,03/11/1989,187,67,315,315,31
501,Changning Zhang,/en/competition/teams/chn-china/players/changning-zhang?id=69284,06/11/1995,193,80,315,303,25
502,Xiaotong Liu,/en/competition/teams/chn-china/players/xiaotong-liu?id=69274,16/02/1990,188,80,312,300,30
503,Di Yao,/en/competition/teams/chn-china/players/di-yao?id=69281,15/08/1992,182,65,306,298,28
504,Yingying Li,/en/competition/teams/chn-china/players/yingying-li?id=69272,19/02/2000,192,71,302,294,20
505,Linyu Diao,/en/competition/teams/chn-china/players/linyu-diao?id=69287,07/04/1994,182,69,309,303,26
506,Yixin Zheng,/en/competition/teams/chn-china/players/yixin-zheng?id=69285,06/05/1995,187,71,316,307,25
507,Li Lin,/en/competition/teams/chn-china/players/li-lin?id=69273,05/07/1992,171,65,294,294,28
508,Xia Ding,/en/competition/teams/chn-china/players/xia-ding?id=69267,13/01/1990,180,67,305,300,30
509,Ni Yan,/en/competition/teams/chn-china/players/ni-yan?id=69279,02/03/1987,192,74,317,306,33
510,Mengjie Wang,/en/competition/teams/chn-china/players/mengjie-wang?id=69277,14/11/1995,172,65,289,280,25
511,Yanhan Liu,/en/competition/teams/chn-china/players/yanhan-liu?id=69275,19/01/1993,188,75,315,305,27
512,Fang Duan,/en/competition/teams/chn-china/players/fang-duan?id=69268,26/12/1994,186,73,301,296,26
513,Yi Gao,/en/competition/teams/chn-china/players/yi-gao?id=69269,22/07/1998,193,66,304,298,22
514,Zixuan Meng,/en/competition/teams/chn-china/players/zixuan-meng?id=69276,18/11/1996,180,62,298,290,24
515,Jane Wacu Wairimu,/en/competition/teams/ken-kenya/players/jane-wacu-wairimu?id=69029,24/03/1985,175,60,299,286,35
516,Christine Psiwa,/en/competition/teams/ken-kenya/players/christine-psiwa?id=69028,01/04/1992,175,62,301,298,28
517,Violet Makuto,/en/competition/teams/ken-kenya/players/violet-makuto?id=69037,20/05/1993,167,65,298,290,27
518,Leonida Kasaya,/en/competition/teams/ken-kenya/players/leonida-kasaya?id=69024,10/10/1993,168,67,297,292,27
519,Sharon Chepchumba Kiprono,/en/competition/teams/ken-kenya/players/sharon-chepchumba-kiprono?id=69033,26/10/1998,183,82,293,281,22
520,Joy Lusenaka,/en/competition/teams/ken-kenya/players/joy-lusenaka?id=69142,25/02/1991,180,62,302,290,29
521,Janet Wanja,/en/competition/teams/ken-kenya/players/janet-wanja?id=69030,24/02/1984,175,59,299,287,36
522,Trizah Atuka,/en/competition/teams/ken-kenya/players/trizah-atuka?id=69023,14/04/1992,188,65,298,293,28
523,Elizabeth Wanyama,/en/competition/teams/ken-kenya/players/elizabeth-wanyama?id=69031,27/05/1987,174,68,270,260,33
524,Noel Murambi,/en/competition/teams/ken-kenya/players/noel-murambi?id=69035,29/01/1989,178,68,302,297,31
525,Celestine Nafula,/en/competition/teams/ken-kenya/players/celestine-nafula?id=69146,09/07/1996,150,52,255,200,24
526,Pamela Jepkirui,/en/competition/teams/ken-kenya/players/pamela-jepkirui?id=69145,08/02/1996,175,69,260,233,24
527,Naomie Too,/en/competition/teams/ken-kenya/players/naomie-too?id=69149,24/04/1992,184,75,293,290,28
528,Mercy Moim,/en/competition/teams/ken-kenya/players/mercy-moim?id=69026,01/01/1989,183,72,320,308,31
529,Lorine Chebet Kaei,/en/competition/teams/ken-kenya/players/lorine-chebet-kaei?id=69032,08/10/1999,179,69,285,270,21
530,Agripina Kundu,/en/competition/teams/ken-kenya/players/agripina-kundu?id=69025,24/04/1993,165,66,294,288,27
531,Gaudencia Makokha,/en/competition/teams/ken-kenya/players/gaudencia-makokha?id=69143,15/11/1992,187,68,280,270,28
532,Emmaculate Chemtai,/en/competition/teams/ken-kenya/players/emmaculate-chemtai?id=69036,14/10/1993,180,68,300,285,27
533,Edith Mukuvilani,/en/competition/teams/ken-kenya/players/edith-mukuvilani?id=69027,20/07/1994,184,72,298,292,26
534,Everlyne Makuto,/en/competition/teams/ken-kenya/players/everlyne-makuto?id=69144,25/08/1990,181,64,328,308,30
535,Nancy Mulonza,/en/competition/teams/ken-kenya/players/nancy-mulonza?id=69148,29/03/1983,175,68,280,287,37
536,Carolyne Sirengo,/en/competition/teams/ken-kenya/players/carolyne-sirengo?id=69147,04/11/1997,179,70,280,240,23
